disorder;gene_symb
3-M syndrome;CUL7, 3M1, OBSL1, KIAA0657, 3M2, CCDC8, 3M3
3-Methylcrotonyl-CoA carboxylase deficiency;MCCC1, MCCA, MCCC2, MCCB
3MC syndrome;MASP1, CRARF, 3MC1, COLEC11, CLK1, 3MC2
46 XX gonadal dysgenesis;FSHR, ODG1, SRY, TDF, TDY, SRXX1, SRXY1, PSMC3IP, TBPIP, GT198, HOP2, ODG3
46 XY gonadal dysgenesis;DHH, SRXY7, GDXYM, DAX1, AHC, AHX, NR0B1, SRXY2, SRY, TDF, TDY, SRXX1, SRXY1, NR5A1, FTZF1, FTZ1, SF1, AD4BP, POF7, SRXY3, SPGF8, CBX2, M33, SRXY5, MAP3K1, MEKK1, MEKK, SRXY6, AKR1C2, DDH2, DD2, HAKRD, SRXY8, AKR1C4, CHDR, CDR, HAKRA, DD4
ABCD syndrome;EDNRB, HSCR2, ABCDS, WS4A
ACTH-secreting pituitary adenoma;AIP, XAP2, ARA9
ADULT syndrome;TP63, TP73L, KET, EEC3, SHFM4, LMS, RHS, OFC8
AGAT deficiency;GATM, AGAT, CCDS3
ARC syndrome;VPS33B, VIPAS39, VIPAR, SPE39, C14orf133
Aarskog-Scott syndrome;FGD1, FGDY, AAS, MRXS16
Adams-Oliver syndrome;ARHGAP31, CDGAP, KIAA1204, AOS1, DOCK6, KIAA1395, AOS2, RBPJ, RBPSUH, IGKJRB1, AOS3, EOGT, EOGT1, C3orf64, AOS4
Aicardi-Goutieres syndrome;TREX1, AGS1, CRV, HERNS, RNASEH2B, DLEU8, FLJ11712, AGS2, RNASEH2C, AYP1, FLJ20974, AGS3, RNASEH2A, RNHIA, AGS4, SAMHD1, AGS5, DCIP, CHBL2, ADAR, DRADA, DSH, DSRAD, IFI4, G1P1, AGS6, IFIH1, MDA5, AGS7
Alagille syndrome;JAG1, AGS, AHD, NOTCH2, AGS2, HJCYS
Aland Island eye disease;CACNA1F, CSNB2, CORDX3, CSNB2A, AIED, OA2
Albright's hereditary osteodystrophy;GNAS, GNAS1, GPSA, POH, PHP1B, PHP1A, AHO, PHP1C
Alexander disease;GFAP
Allan-Herndon-Dudley syndrome;SLC16A2, DXS128, XPCT
Alpers syndrome;POLG, POLG1, POLGA, PEO, SANDO, SCAE, MTDPS4A, MTDPS4B, MIRAS
Alport syndrome;COL4A3, COL4A3, COL4A4, COL4A5, ATS, ASLN
Alstrom syndrome;ALMS1, ALSS, KIAA0328
Alzheimer's disease;A2M , A2MD, ACE, DCP1, ACE1, MVCD3, ICH, AD10, AD5, AD6, AD8, AD9, APBB2, FE65L1, APP, AAA, CVAP, AD1, BLMH, BMH, HFE, HLA-H, HFE1, MVCD7, TFQTL2, MPO, NOS3, PACIP1, PAXIP1L, PTIP, PLAU, URK, QPD, BDPLT5, SORL1, LR11, SORLA, APOE, AD2, LPG, LDLCQ5, PSEN2, AD4, STM2, CMD1V, PSEN1, AD3
Andersen-Tawil syndrome;KCNJ2, HHIRK1, KIR2.1, IRK1, LQT7, SQT3, ATFB9
Angelman syndrome;CDKL5, STK9, ISSX, EIEE2, MECP2, RTT, PPMX, MRX16, MRX79, AUTSX3, MRXSL, MRXS13, MRX79, MRX16, UBE3A, ANCR
Antley-Bixler syndrome;POR, FGFR2, BEK, CFD1, JWS, TK14, BBDS
Arts syndrome;PRPS1, CMTX5, DFNX1, DFN2
Asperger syndrome;NLGN3, ASPGX1, AUTSX1, NLGN4, KIAA1260, AUTSX2, ASPGX2
Athabaskan brainstem dysgenesis syndrome;HOXA1, HOX1F, BSAS
Axenfeld-Rieger syndrome;PITX2, IDG2, RIEG1, RGS, IGDS2, FOXC1, FKHL7, FREAC3, IRID1, RIEG3
Baller-Gerold syndrome;RECQL4, RTS, RECQ4
Bamforth-Lazarus syndrome;FOXE1, FKHL15, TITF2, TTF2
Bannayan-Riley-Ruvalcaba syndrome;PTEN, MMAC1, GLM2, CWS1
Baraitser-Winter syndrome;ACTB, BRWS1, ACTG1, DFNA20, DFNA26, BRWS2
Bardet-Biedl syndrome;ARL6, BBS3, RP55, BBS1, CCDC28B, MGC1203, TMEM67, MKS3, JBTS6, NPHP11
Bart-Pumphrey syndrome;GJB2, CX26, DFNB1A, PPK, DFNA3A, KID, HID
Barth syndrome;TAZ, EFE2, BTHS, CMD3A, LVNCX
Bartter disease;KCNJ1, ROMK1, SLC12A1, NKCC2, BSND, CLCNKB, CLCNKA, CLCNKB
Beare-Stevenson cutis gyrata syndrome;FGFR2, BEK, CFD1, JWS, TK14, BBDS
Becker muscular dystrophy;DMD, BMD, CMD3B
Beckwith-Wiedemann syndrome;CDKN1C, KIP2, BWS, IMAGE, H19, D11S813E, ASM1, BWS, WT2, ICR1, KCNQ1OT1, LIT1, NSD1, ARA267, STO, SOTOS1
Bernard-Soulier syndrome;GP1BA, BSS, BDPLT1, VWDP, BDPLT3, GP1BA, BSS, BDPLT1, VWDP, BDPLT3, GP1BB, BS, BDPLT1, GP9
Bethlem myopathy;COL6A1, COL6A2, COL6A3
Bietti crystalline corneoretinal dystrophy;CYP4V2, BCD
Birk-Barel syndrome;KCNK9, TASK3
Birt-Hogg-Dube syndrome;FLCN, BHD
Bjornstad syndrome;BCS1L, FLNMS, GRACILE, BJS, PTD, MC3DN1
Blau syndrome;NOD2, CARD15, IBD1, CD, ACUG, PSORAS1
Bloch-Sulzberger syndrome;IKBKG, NEMO, FIP3, IP2, IPD2, AMCBX1, IMD33
Boomerang dysplasia;FLNB, SCT, AOI, LRS1
Borjeson-Forssman-Lehmann syndrome;PHF6, BFLS
Bothnia retinal dystrophy;RLBP1
Bowen-Conradi syndrome;EMG1, NEP1, C2F, BWCNS
Brody myopathy;ATP2A1, SERCA1
Brooke-Spiegler syndrome;CYLD, CDMT, EAC, MFT1, KIAA0849, BRSS
Brown-Vialetto-Van Laere syndrome;SLC52A3, C20orf54, RFT2, BVVLS1
Bruck syndrome;FKBP10, FKBP65, OI11, BRKS1, PLOD2, LH2, TLH, BRKS2
Brugada syndrome;SCN5A, LQT3, VF1, HB1, SSS1, CMD1E, CDCD2, GPD1L, KIAA0089, CACNA1C, CACNL1A1, CCHL1A1, TS, CACNB2, SCN1B, GEFSP1, BRGDA5, ATFB13, KCNE3, HOKPP, HYPP, DSC3, DSC4, SCN3B, SCNB3, BRGDA7, ATFB16, HCN4, SSS2
Bruton-type agammaglobulinemia;BTK, AGMX1, IMD1, XLA, AT
Burkitt lymphoma;MYC
CHARGE syndrome;CHD7, IS3, HH5, SEMA3E, SEMAH, KIAA0331
CLONE OF congenital afibrinogenemia;FGA, FGB, FGG
Caffey disease;COL1A1
Camurati-Engelmann disease;TGFB1, DPD1, CED
Canavan disease;ASPA
Carney complex;PRKAR1A, TSE1, CNC1, CAR, PPNAD1, ACRDYS1, MYH8
Carpenter syndrome;RAB23, MEGF8, EGFL4, CRPT2
Charcot-Marie-Tooth disease intermediate type;DNM2, CMTDIB, CMTDI1, CMT2M, LCCS5, MPZ, CMT1B, CMTDID, CHM, DSS, YARS, CMTDIC, TYRRS, YTS, YRS, GDAP1, CMT4A, CMT2K, CMTRIA, KARS, CMTRIB, DFNB89, INF2, FSGS5, C14orf173, CMTDIE, GNB4, CMTD1F, PLEKHG5, KIAA0720, DSMA4, CMTRIC
Charcot-Marie-Tooth disease type 1;MPZ, CMT1B, CMTDID, CHM, DSS, PMP22, CMT1A, CMT1E, DSS, PMP22, CMT1A, CMT1E, DSS, LITAF, CMT1C, EGR2, KROX20, NEFL, CMT2E, CMT1F
Charcot-Marie-Tooth disease type 2;KIF1B, CMT2A, CMT2A1, NBLST1, RAB7, CMT2B, PSN, GARS, SMAD1, CMT2D, HMN5, LMNA, LMN1, EMD2, FPLD2, CMD1A, HGPS, LGMD1B, MED25, PTOV2, ARC92, CMT2B2, TRPV4, VROAC, HMSN2C, CMT2C, SPSMA, SSQTL1, SMAL, HSPB1, HSP27, CMT2F, HMN2B, MPZ, CMT1B, CMTDID, CHM, DSS, NEFL, CMT2E, CMT1F, MPZ, CMT1B, CMTDID, CHM, DSS, GDAP1, CMT4A, CMT2K, CMTRIA, HSPB8, H11, E2IG1, DHMN2, CMT2L, HMN2A, MFN2, KIAA0214, CMT2A2, AARS, CMT2N, DYNC1H1, DNCL, DNECL, CMT20, MRD13, SMALED1, LRSAM1, TAL, RIFLE, CMT2P, DHTKD1, KIAA1630, AMOXAD, CMT2Q, TRIM2, KIAA0517, CMT2R
Charcot-Marie-Tooth disease type 3;EGR2, KROX20, MPZ, CMT1B, CMTDID, CHM, DSS, PMP22, CMT1A, CMT1E, DSS, PRX, CMT4F
Charcot-Marie-Tooth disease type 4;EGR2, KROX20, MPZ, CMT1B, CMTDID, CHM, DSS, PMP22, CMT1A, CMT1E, DSS, PRX, CMT4F, GDAP1, CMT4A, CMT2K, CMTRIA, MTMR2, CMT4B1, NDRG1, HMSNL, CMT4D, SH3TC2, KIAA1985, MNMN, SBF2, MTMR13, CMT4B2, EGR2, KROX20, MPZ, CMT1B, CMTDID, CHM, DSS, GDAP1, CMT4A, CMT2K, CMTRIA, FGD4, FRABIN, CMT4H, FIG4, KIAA0274, SAC3, ALS11, YVS, BTOP, PRX, CMT4F, SBF1, MTMR5, CMT4B3
Charcot-Marie-Tooth disease type X;PDK3, CMTX6, GJB1, CX32, CMTX1, AIFM1, PDCD8, AIF, COXPD6, COWCK, CMTX4, PRPS1, CMTX5, DFNX1, DFN2
Chediak-Higashi syndrome;LYST, CHS1
Clouston syndrome;GJB6, CX30, DFNA3B, DFNB1B, ECTD2, HED2
Cockayne syndrome;ERCC6, CKN2, COFS1, CSB, ARMD5, UVSS1, ERCC8, CKN1, CSA, UVSS2
Coffin-Lowry syndrome;RPS6KA3, RSK2, MRX19
Cornelia de Lange syndrome;NIPBL, CDLS1, DXS423E, SMC1, CDLS2, HDAC8, WTS, MRXS6, CDLS5, CSPG6, SMC3, HCAP, BAM, CDLS3, RAD21, SCC1, NXP1, KIAA0078, CDLS4
Costello syndrome;HRAS
Cowden disease;PTEN, MMAC1, GLM2, CWS1, SDHB, SDH2, SDHIP, PGL4, CWS2
Creutzfeldt-Jakob disease;HLA-DQB1, CELIAC1, PRNP, PRIP, KURU, CJD
Crigler-Najjar syndrome;UGT1A1, UGT1, GNT1, BILIQTL1
Crouzon syndrome;FGFR2, BEK, CFD1, JWS, TK14, BBDS
D-2-hydroxyglutaric aciduria;D2HGDH, D2HGD, IDH2, IDPM, D2HGA2
DNA ligase IV deficiency;LIG4, LIG4S
Danon disease;LAMP2, LAMPB, LGP110
Denys-Drash syndrome;WT1, NPHS4
DiGeorge syndrome;TBX1, DGS, CTHM, CAFS, TGA, DORV, VCFS, DGCR
Diamond-Blackfan anemia;RPS19, DBA, DBA1, RPS24, DBA3, RPS17, RPS17L1, RPS17L2, DBA4, RPL35A, DBA5, RPL5, DBA6, RPL11, DBA7, RPS7, DBA8, RPS10, DBA9, RPS26, DBA10, RPL26, DBA11, RPL15, DBA12, RPS29, DBA13
Donohue Syndrome;INSR, HHF5
Dowling-Degos disease;KRT5, DDD1, POFUT1, OFUCT1, KIAA0180, DDD2, POGLUT1, CLP46, KTELC1, RUMI, C3orf9, DDD4
Down syndrome;GATA1, GF1, ERYF1, NFE1, XLTDA, XLTT, XLANP
Dravet Syndrome;SCN1A, GEFSP2, SMEI, FEB3A, EIEE6, FHM3, SCN9A, NENA, PN1, FEB3B, GEFSP7, SFNP, HSAN2D
Duane retraction syndrome;CHN1, CHN, ARHGAP2, RHOGAP2, DURS2
Dubin-Johnson syndrome;ABCC2, CMOAT
Duchenne muscular dystrophy;DMD, BMD, CMD3B
Ehlers-Danlos syndrome;B4GALT7, XGALT1, XGPT1, EDSP1, PLOD1, LH1, LLH, EDS6
Ehlers-Danlos syndrome progeroid type;B3GALT6, SEMDJL1, EDSP2
Ellis-Van Creveld syndrome;EVC, LBN, EVC2
Emery-Dreifuss muscular dystrophy;LMNA, LMN1, EMD2, FPLD2, CMD1A, HGPS, LGMD1B, FHL1, SLIM1, XMPMA, KYOT, FHL1A, FHL1B, EMD, EDMD, STA, SYNE1, KIAA0796, KIAA1756, KIAA1262, SCAR8, EDMD4, SYNE2, NUANCE, KIAA1011, EDMD5, TMEM43, ARVD5, ARVC5, EDMD7
FG syndrome;FLNA, FLN1, NHBP, OPD1, OPD2, FMD, MNS, CVD1, CSBS, CASK, MICPCH, FGS4, CMG, MRXSNA, MED12, TNRC11, TRAP230, HOPA, KIAA0192, OKS, FGS1, OHDOX
Fabry disease;GLA
Fanconi syndrome;SLC34A1, SLC17A2, NPT2, NPHLOP1, FRTS2, EHHADH, PBFE, LBFP, FRTS3
Fanconi's anemia;FANCC, FACC, FANCD2, FANCD, FACD, FAD, FANCA, FACA, FA1, FA, FAA, FAAP95, FAAP90, FLJ34064, FANCB, FANCE, FACE, FANCF, BRCA2, FANCD1, BROVCA2, GLM3, PNCA2, FANCI, KIAA1794, BRIP1, BACH1, FANCJ, PALB2, FANCN, PNCA3, RAD51C, FANCO, BROVCA3, SLX4, BTBD12, MUS312, KIAA1784, KIAA1987, FANCP, XRCC9, FANCG, PHF9, FANCL, FANCM, KIAA1596, ERCC4, XPF, FANCQ
Farber lipogranulomatosis;ASAH1, AC, SMAPME
Finnish type amyloidosis;GSN
Frasier syndrome;WT1, NPHS4
Friedreich ataxia;FXN, FRDA, FARR, X25
Fuchs' endothelial dystrophy;COL8A2, FECD1, PPCD2, SLC4A11, BTR1, NABC1, CHED2, CDPD, FECD4, ZEB1, TCF8, NIL2A, PPCD3, FECD6, AGBL1, CCP4, FECD8
Fukuyama congenital muscular dystrophy;FKTN, FCMD, CMD1X, LGMD2M, MDDGA4, MDDGB4, MDDGC4
GABA aminotransferase deficiency;ABAT, GABAT
Gamstorp-Wohlfart syndrome;HINT1, PRKCNH1, NMAN
Gaucher's disease;GBA, GBA, GBA, GBA, PSAP, SAP1
Gerstmann-Straussler-Scheinker syndrome;PRNP, PRIP, KURU, CJD
Gilbert syndrome;UGT1A1, UGT1, GNT1, BILIQTL1
Gilles de la Tourette syndrome;HDC, SLITRK1, KIAA1910, TTM
Gitelman syndrome;SLC12A3, NCCT, TSC
Glanzmann's thrombasthenia;ITGA2B, GP2B, CD41B, GT, BDPLT2, BDPLT16, ITGB3, GP3A, GT, BDPLT2, BDPLT16
Greig cephalopolysyndactyly syndrome;GLI3, PAPA, PAPB
Guillain-Barre syndrome;PMP22, CMT1A, CMT1E, DSS
Hailey-Hailey disease;ATP2C1, BCPM, HHD
Hajdu-Cheney syndrome;NOTCH2, AGS2, HJCYS
Hartnup disease;SLC6A19, HND
Hermansky-Pudlak syndrome;HPS1, AP3B1, ADTB3A, HPS2, HPS3, HPS4, HPS5, RU2, KIAA1017, HPS6, RU, DTNBP1, HPS7, BLOC1S3, BLOS3, HPS8, BLOC1S6, BLOS6, PLDN, PA, HPS9
Hirschsprung's disease;RET, MEN2A, HSCR1, EDNRB, HSCR2, ABCDS, WS4A
Huntington's disease;HTT, HD, IT15
IMAGe syndrome;CDKN1C, KIP2, BWS, IMAGE
Jensen syndrome;TIMM8A, DFN1, DDP, MTS, DDP1
Jervell-Lange Nielsen syndrome;KCNQ1, KCNA9, LQT1, KVLQT1, ATFB3, SQT2, KCNE1, JLNS, LQT5, JLNS2
Job's syndrome;STAT3, APRF, HIES, ADMIO
Johanson-Blizzard syndrome;UBR1, JBS
Joubert syndrome;INPP5E, MORMS, JBTS1, CORS1, OFD1, CXorf5, SGBS2, JBTS10, RP23, TMEM216, JBTS2, CORS2, MKS2, AHI1, NPHP1, NPH1, SLSN1, JBTS4, CEP290, KIAA0373, 3H11AG, JBTS5, SLSN6, LCA10, BBS14, TMEM67, MKS3, JBTS6, NPHP11, RPGRIP1L, KIAA1005, JBTS7, MKS5, CC2D2A, KIAA1345, MKS6, ARL13B, ARL2L1, JBTS8, TECT1, JBTS13, TMEM237, ALS2CR4, JBTS14, CEP41, TSGA14, JBTS15, TMEM138, JBTS16, C5orf42, JBTS17, OFD6, TCTN3, TECT3, C10orf61, OFD4, JBTS18, TMEM231, JBTS20, MKS11, CSPP1, CSPP, JBTS21, PDE6D, JBTS22
KBG syndrome;ANKRD11, ANCO1, KBGS
Kahrizi syndrome;SRD5A3, SRD5A2L, CDG1Q, KRIZI
Kallmann syndrome;FGFR1, FLT2, OGD, KAL2, HH2, HRTFDS, PROKR2, PKR2, GPR73L1, HH3, PROK2, PK2, BV8, HH4, CHD7, IS3, HH5, FGF8, HH6
Kaposi's sarcoma;IL6, IFNB2, BSF2, HSF, HGF
Kartagener syndrome;DNAI1, CILD1, ICS, PCD
Kawasaki disease;ITPKC
Kennedy's disease;AR, DHTR, TFM, SBMA, KD, SMAX1, HYSP1
Klippel-Feil syndrome;GDF6, MCOP4, KFS1, MCOPCB6, LCA17, MEOX1, MOX1, KFS2, GDF3, KFS3, MCOPCB6, MCOP7
Koolen de Vries syndrome;KANSL1, KIAA1267, MSL1V1, KDVS
Krabbe disease;GALC
L-2-hydroxyglutaric aciduria;L2HGDH, C14orf160
LADD syndrome;FGF10, FGFR2, BEK, CFD1, JWS, TK14, BBDS, FGFR3, ACH
LEOPARD syndrome;PTPN11, PTP2C, SHP2, NS1, RAF1, CRAF, NS5, CMD1NN, BRAF, NS7
Lafora disease;EPM2A, MELF, EPM2, NHLRC1, EPM2A, EPM2B
Landau-Kleffner syndrome;GRIN2A, NMDAR2A, FESD, LKS
Laron syndrome;GHR, GHIP
Larsen syndrome;FLNB, SCT, AOI, LRS1
Leber congenital amaurosis;GUCY2D, GUC2D, LCA1, CORD6, RCD2, RPE65, RP20, LCA2, SPATA7, HSD3, LCA3, AIPL1, LCA4, LCA5, C6orf152, NMNAT1, NMNAT, PNAT1, LCA9, RD3, LCA12, C1orf36, CEP290, KIAA0373, 3H11AG, JBTS5, SLSN6, LCA10, BBS14, RDH12, LCA13, LRAT, LCA14, RPGRIP1, LCA6, CORD13, CRX, CORD2, CRD, LCA7, CRB1, RP12, LCA8, IMPDH1, RP10, LCA11, KCNJ13, SVD, LCA16, GDF6, MCOP4, KFS1, MCOPCB6, LCA17
Legg-Calve-Perthes Disease;COL2A1
Leigh disease;LRPPRC, LRP130, LSFC, BCS1L, FLNMS, GRACILE, BJS, PTD, MC3DN1, COX10, COX15, CEMCOX2, FOXRED1, NDUFA10, NDUFA12, NDUFA2, NDUFA9, NDUFAF2, NDUFA12L, MMTN, B17.2L, NDUFAF6, C8orf38, NDUFS3, NDUFS4, AQDQ, NDUFS7, PSST, NDUFS8, SDHA, SDH1, SDHF, CMD1GG, PGL5, SURF1
Lesch-Nyhan syndrome;HPRT1, HPRT
Lewy body dementia;GBA, SNCA, NACP, PARK1, PARK4, SNCB
Li-Fraumeni syndrome;TP53, P53, LFS1 , BCC7, CHEK2, RAD53, CHK2, CDS1, LFS2
Liddle syndrome;SCNN1B, BESC1, SCNN1G, PHA1, BESC3
Loeys-Dietz syndrome;TGFBR1, ALK5, AAT5, LDS1, MSSE, TGFBR2, HNPCC6, AAT3, MFS2, LDS2, SMAD3, MADH3, LDS3, TGFB2, LDS4
Lynch syndrome;MSH2, COCA1, FCC1, HNPCC1, MLH1, COCA2, HNPCC2, EPCAM, ACSTD1, TROP1, M4S1, MIC18, DIAR5, HNPCC8
MASA syndrome;L1CAM, CAML1, HSAS1, MASA, SPG1
MEN2A;RET, MEN2A, HSCR1
MEN2B;RET, MEN2A, HSCR1
MHC class I deficiency;TAP1, ABCB2, TAP1, RING4, PSF1, TAP2, ABCB3, PSF2, RING11, TAPBP, TPSN
MHC class II deficiency;MHC2TA, C2TA, RFX5, RFXANK, RFXAP
Machado-Joseph disease;ATXN3, MJD, SCA3
Majewski syndrome;NEK1, SRTD6, SRPS2A
Marfan syndrome;FBN1, MFS1, WMS2, SSKS, GPHYSD2, ACMICD, ECTOL1
Marshall-Smith syndrome;NFIX, NF1A, SOTOS2, MRSHSS
Mast syndrome;ACP33, MAST, SPG21
Matthew-Wood syndrome;STRA6, MCOPS9, MCOPCB8
Meckel syndrome;MKS1, MKS, BBS13, NPHP3, NPH3, RHPD1, MKS7, TMEM216, JBTS2, CORS2, MKS2, TMEM67, MKS3, JBTS6, NPHP11, CEP290, KIAA0373, 3H11AG, JBTS5, SLSN6, LCA10, BBS14, RPGRIP1L, KIAA1005, JBTS7, MKS5, CC2D2A, KIAA1345, MKS6, TCTN2, TECT2, MKS8, B9D2, MKS10, B9D1, MKSR1, MKS9, TMEM231, JBTS20, MKS11
Meier-Gorlin syndrome;ORC1, ORC1L, ORC4, ORC4L, ORC6, ORC6L, CDT1, CDC6, CDC18L
Menkes disease;ATP7A, MNK, MK, OHS, SMAX3
Moyamoya disease;ACTA2, ACTSA, AAT6, MYMY5, GUCY1A3, GUC1A3, GUCSA3, MYMY6
Muir-Torre syndrome;MLH1, COCA2, HNPCC2, MSH2, COCA1, FCC1, HNPCC1
N syndrome;POLA1
Nager syndrome;SF3B4, SF3B49, SAP49, AFD1
Netherton syndrome;SPINK5, LEKTI
Niemann-Pick disease;SMPD1, NPD, NPC1, NPC, SMPD1, NPD, NPC2, HE1
Nijmegen breakage syndrome;NBS1, NBS
Noonan syndrome;PTPN11, PTP2C, SHP2, NS1, KRAS, KRAS2, RASK2, NS, CFC2, SOS1, GINGF, GF1, HGF, NS4, RAF1, CRAF, NS5, CMD1NN, NRAS, ALPS4, NS6, CMNS, NCMS, BRAF, NS7
Norum disease;LCAT
Ogden syndrome;NAA10, ARD1A, ARD1, TE2, NATD, MCOPS1
Ohdo syndrome;MED12, TNRC11, TRAP230, HOPA, KIAA0192, OKS, FGS1, OHDOX
Ohtahara syndrome;PCDH19, KIAA1313, EFMR, EIEE9, ARHGEF9, PEM2, KIAA0424, EIEE8, CDKL5, STK9, ISSX, EIEE2, ARX, ISSX, PRTS, MRXS1, MRX36, MRX54, MRX43, MRX87, MRX29, MRX32, SLC25A22, GC1, EIEE3, STXBP1, UNC18, EIEE4, PNKP, PNK, MCSZ, EIEE10, MCSZ, SPTAN1, NEAS, EIEE5, KCNQ2, EBN1, EIEE7, BFNS1, SCN2A, SCN2A1, BFIC3, EIEE11, BFIS3, BFNIS, PLCB1, KIAA0581, PLCB1A, PLCB1B, EIEE12, SCN8A, CIAT, EIEE13, KCNT1, KIAA1422, EIEE14, ENFL5, ST3GAL3, SIAT6, ST3GALII, MRT12, EIEE15, TBC1D24, KIAA1171, FIME, EIEE16, DOORS, DFNB86, DFNA65, GNAO1, EIEE17, SZT2, KIAA0467, EIEE18
Opitz-GBBB syndrome;MID1, OGS1, BBBG1, FXY, OSX
PHGDH deficiency;PHGDH, NLS1, PHGDHD
PSAT deficiency;PSAT1, PSAT, EPIP, PSATD, NLS2
PSPH deficiency;PSPH, PSP, PSPHD
Paget's disease of bone;PDB4, SQSTM1, P62, PDB3, TNFRSF11A, RANK, ODFR, OFE, OPTB7
Pallister-Hall syndrome;GLI3, PAPA, PAPB
Papillon-Lefevre disease;CTSC, CPPI, PALS, PLS, HMS, PDON1, JPD
Parkinson's disease;ADH1C, ADH3, GBA, MAPT, MTBT1, DDPAC, MSTD, TBP, SCA17, HDL4, SNCA, NACP, PARK1, PARK4, FBXO7, FBX7, FBX, PKPS, PARK15, PRKN, PARK2, PDJ, LPRS2, SNCA, NACP, PARK1, PARK4, PINK1, PARK6, DJ1, PARK7, ATP13A2, PARK9, KRPPD, CLN12, LRRK2, PARK8, GIGYF2, KIAA0642, PARK11, HTRA2, OMI, PARK13, PRSS25, PLA2G6, IPLA2, INAD1, NBIA2B, NBIA2A, PARK14, VPS35, MEM3, PARK17, EIF4G1, EIF4G, PARK18, DNAJC6, DJC6, KIAA0473, PARK19, SYNJ1, PARK20
Partington syndrome;ARX, ISSX, PRTS, MRXS1, MRX36, MRX54, MRX43, MRX87, MRX29, MRX32
Pelger-Huet anomaly;LBR, PHA
Pelizaeus-Merzbacher disease;PLP1, PMD, HLD1, SPG2
Perrault syndrome;HSD17B4, PRLTS1, CLPP, PRLTS3, DFNB81, HARS2, HARSL, HARSR, HO3, PRLTS2, LARS2, PRLTS4
Peutz-Jeghers syndrome;STK11, PJS, LKB1
Pfeiffer syndrome;FGFR1, FLT2, OGD, KAL2, HH2, HRTFDS, FGFR2, BEK, CFD1, JWS, TK14, BBDS
Pick's disease;MAPT, MTBT1, DDPAC, MSTD, PSEN1, AD3
Prader-Willi syndrome;NDN, SNRPN
Proteus syndrome;AKT1, CWS6
Refsum disease;PHYH, PAHX, PEX12, PBD3A
Renpenning syndrome;PQBP1, NPW38, SHS, MRX55, MRXS3, RENS1, MRXS8
Rett syndrome;MECP2, RTT, PPMX, MRX16, MRX79, AUTSX3, MRXSL, MRXS13, MRX79, MRX16, FOXG1, FOXG1B, FKHL1, FKH2, QIN, BF1
Rh deficiency syndrome;RHAG, RH50A
Riley-Day syndrome;IKBKAP, IKAP
Roberts syndrome;ESCO2
Robinow syndrome;WNT5A, FHL1, SLIM1, XMPMA, KYOT, FHL1A, FHL1B
Rothmund-Thomson syndrome;RECQL4, RTS, RECQ4
Rubinstein-Taybi syndrome;CREBBP, CBP, RSTS, EP300, RSTS2
SC phocomelia syndrome;ESCO2
Saethre-Chotzen syndrome;FGFR2, BEK, CFD1, JWS, TK14, BBDS, TWIST1, ACS3, SCS, CRS1
Sandhoff disease;HEXB
Scheie syndrome;IDUA, IDA
Schmid metaphyseal chondrodysplasia;COL10A1
Seckel syndrome;ATR, FRP1, SCKL1, FCTCS, RBBP8, RIM, SCKL2, JWDS, CENPJ, CPAP, MCPH6, SCKL4, CEP152, KIAA0912, MCPH9, SCKL5, CEP63, SCKL6, NIN, KIAA1565, SCKL7, DNA2, DNA2L, KIAA0083, PEOA6, SCKL8
Senior-Loken syndrome;NPHP1, NPH1, SLSN1, JBTS4, NPHP4, SLSN4, IQCB1, NPHP5, KIAA0036, CEP290, KIAA0373, 3H11AG, JBTS5, SLSN6, LCA10, BBS14, SDCCAG8, CCCAP, SLSN7, BBS16
Sensenbrenner syndrome;IFT122, WDR10, CED1, WDR35, NAOFEN, KIAA1336, CED2, SRTD7
Silver-Russell syndrome;H19, D11S813E, ASM1, BWS, WT2
Simpson-Golabi-Behmel syndrome;OFD1, CXorf5, SGBS2, JBTS10, RP23, GPC3, SDYS, SGBS1
Sjogren-Larsson syndrome;ALDH3A2, ALDH10, SLS, FALDH
Sly syndrome;GUSB, MPS7
Smith-Lemli-Opitz syndrome;DHCR7, SLOS
Smith-McCort dysplasia;DYM, FLJ90130, DMC, SMC, RAB33B, SMC2
Sneddon syndrome;CECR1, PAN, SNEDS
Sotos syndrome;NSD1, ARA267, STO, SOTOS1, NFIX, NF1A, SOTOS2, MRSHSS
Stargardt disease;ABCA4, ABCR, STGD1, FFM, RP19, CORD3, ARMD2, CNGB3, ACHM3, ACHM1, ELOVL4, ADMD, STGD2, STGD3, ISQMR, SCA34, PROM1, PROML1, AC133, RP41, CORD12, CD133, MCDR2, STGD4
Stickler syndrome;COL2A1, COL11A2, STL3, DFNA13, DFNB53, FBCG2, COL11A1, STL2
Sugio-Kajii syndrome;TRPS1
Tangier disease;ABCA1, ABC1, HDLDT1, TGD
Tay-Sachs disease;HEXA, TSD
Tay-Sachs disease AB variant;GM2A
Thomsen disease;CLCN1
Townes-Brocks syndrome;SALL1, HSAL1, TBS
Treacher Collins syndrome;TCOF1, MFD1, TCS1, POLR1C, RPA39, RPA40, RPAC1, RPA5, TCS3, POLR1D, RPA16, RPAC2, TCS2
Troyer syndrome;SPG20
UV-sensitive syndrome;ERCC6, CKN2, COFS1, CSB, ARMD5, UVSS1, ERCC8, CKN1, CSA, UVSS2, UVSSA, KIAA1530, UVSS3
Ullrich congenital muscular dystrophy;COL6A1, COL6A2, COL6A3
Unverricht-Lundborg syndrome;CSTB, STFB, EPM1, PME, EPM1A, ULD
Usher syndrome;MYO7A, USH1B, DFNB2, DFNA11, PDZD7, USH2A, RP39, CLRN1, USH3A, USH3, RP61, USH1C, DFNB18A, CDH23, USH1D, PCDH15, DFNB23, USH1F, PCDH15, DFNB23, USH1F, GPR98, MASS1, VLGR1, KIAA0686, FEB4, USH2C, PDZD7, SANS, USH1G, WHRN, CIP98, KIAA1526, DFNB31, USH2D, HARS, USH3B, CIB2, KIP2
VACTERL association;HOXD13, HOX4I, SPD, BDSD, PTEN, MMAC1, GLM2, CWS1
Van Maldergem syndrome;DCHS1, PCDH16, FIB1, CDH19, VMLDS1, FAT4, VMLDS2, HKLLS2
Van der Woude syndrome;IRF6, VWS, LPS, PIT, PPS1, OFC6, GRHL3, SOM, TFCP2L4, VWS2
Waardenburg's syndrome;PAX3, WS1, HUP2, CDHS, WS3, PAX3, WS1, HUP2, CDHS, WS3, MITF, WS2A, CMM8, EDNRB, HSCR2, ABCDS, WS4A, SNAI2, SLUG, WS2D, SOX10, WS4, WS4C, PCWH, EDN3, WS4B, HSCR4, SOX10, WS4, WS4C, PCWH
Walker-Warburg syndrome;POMT1, MDDGA1, MDDGB1, MDDGC1, POMGNT1, MEB, MDDGA3, MDDGB3, MDDGC3
Warburg micro syndrome;RAB3GAP1, WARBM1, P130, RAB18, WARBM3, RAB3GAP2, RAB3GAP150, p150, KIAA0839, WARBM2, TBC1D20, C20orf140, WARBM4
Weaver syndrome;EZH2, EZH1, WVS
Weill-Marchesani syndrome;ADAMTS10, WMS1, FBN1, MFS1, WMS2, SSKS, GPHYSD2, ACMICD, ECTOL1, ADAMTS17, LTBP2, LTBP3, GLC3D, MSPKA, WMS3
Werdnig-Hoffmann disease;SMN1, SMA1, SMA2, SMA3, SMA4
Wermer syndrome;MEN1
Werner syndrome;RECQL2, RECQ3, WRN
Wilson disease;ATP7B, WND
Wiskott-Aldrich syndrome;WAS, IMD2, THC1, SCNX
Wolff-Parkinson-White syndrome;PRKAG2, WPWS, CMH6
Wolfram syndrome;WFS1, WFRS, WFS, DFNA6, DFNA14, DFNA38, WFSL, CTRCT41, CISD2, WFS2, ZCD2, ERIS
X-linked chondrodysplasia punctata;ARSE, CDPX1, CDPXR, EBP, CDPX2, CPXD, CPX
X-linked hypophosphatemia;FGF23, ADHR, HPDR2, PHPTC, DMP1, ARHR, ARHP, CLCN5, CLCK2, NPHL2, DENTS, NPHL1, PHEX, HYP, HPDR1, LXHR, ENPP1, PDNP1, NPPS, M6S1, PCA1, ARHR2, COLED
X-linked ichthyosis;STS, ARSC1, ARSC, SSDD, XLI
X-linked nonsyndromic deafness;POU3F4, DFN3, DFNX2, PRPS1, CMTX5, DFNX1, DFN2
X-linked sideroblastic anemia;ALAS2, ANH1, ASB, XLEPP, XLSA, ANH1
X-linked sideroblastic anemia with ataxia;ABCB7, ABC7, ASAT
Zellweger syndrome;PEX1, ZWS1, PBD1A, PBD1B
abetalipoproteinemia;MTP
acatalasia;CAT
aceruloplasminemia;CP
acheiropody;LMBR1, ACHP, C7orf2, PPD2, THYP, LSS
achondrogenesis type IA;TRIP11, TRIP230, CEV14, ACG1A
achondrogenesis type IB;SLC26A2, DTD, DTDST, D5S1708, EDM4
achondrogenesis type II;COL2A1
achondroplasia;FGFR3, ACH
achromatopsia;CNGA3, CNG3, ACHM2, CNGB3, ACHM3, ACHM1, PDE6H, RCD3, ACHM6, PDE6C, PDEA2, COD4, GNAT2, ACHM4
acrocallosal syndrome;KIF7, HLS2, ACLS, JBTS12
acrocapitofemoral dysplasia;IHH, BDA1
acrocephalosyndactylia;FGFR2, BEK, CFD1, JWS, TK14, BBDS
acrodermatitis enteropathica;SLC39A4, ZIP4
acrodysostosis;PRKAR1A, TSE1, CNC1, CAR, PPNAD1, ACRDYS1, PDE4D, DPDE3, STRK1, ACRDYS2
acrofrontofacionasal dysostosis;ABCB7, ABC7, ASAT
acrokeratosis verruciformis;ATP2A2, ATP2B, DAR
acromesomelic dysplasia, Grebe type;GDF5, CDMP1, SYNS2, OS5, BDA1C, SYM1B
acromesomelic dysplasia, Hunter-Thompson type;GDF5, CDMP1, SYNS2, OS5, BDA1C, SYM1B
acromesomelic dysplasia, Maroteaux type;NPR2, ANPRB, AMDM, ECDM
acute intermittent porphyria;HMBS, PBGD, UPS
acute lymphocytic leukemia;BAX, BCR, CML, PHL, ALL, FLT3, NBS1, NBS
acute myeloid leukemia;AF10, ARHGEF12, LARG, KIAA0382, CBFB, PEBP2B, CEBPA, CEBP, CHIC2, BTL, ETV6, TEL, THC5, FLT3, GATA2, DCML, MONOMAC, IMD21, GMPS, JAK2, THCYT3, KIT, PBT, LPP, MLF1, NPM1, NSD1, ARA267, STO, SOTOS1, NUP214, D9S46E, CAN, CAIN, PICALM, CALM, CLTH, LAP, RUNX1, CBFA2, AML1, SH3GL1, EEN, TERT, TCS1, EST2, DKCA2, DKCB4, PFBMFT1, CMM9, WHSC1L1, NSD3
acute porphyria;ALAD, ALADH, PBGS
adenosine deaminase deficiency;ADA
adrenocortical carcinoma;TP53, P53, LFS1 , BCC7
adrenoleukodystrophy;PEX5, PXR1, PTS1R, PBD2A, PBD2B, ABCD1, ALD, AMN
adult spinal muscular atrophy;SMN1, SMA1, SMA2, SMA3, SMA4
advanced sleep phase syndrome;PER2, FASPS1, KIAA0347, CSNK1D, ASPS, FASPS2
agammaglobulinemia;IGHM, MU, AGM1, CD79B, IGB, B29, AGM6, IGLL1, IGO, IGL5, VPREB2, AGM2, CD79A, IGA, BLNK, SLP65, AGM4, LRRC8A, KIAA1437, AGM5, PIK3R1, GRB1, AGM7, SHORT, IMD36
age related macular degeneration;ABCA4, ABCR, STGD1, FFM, RP19, CORD3, ARMD2, FBLN5, ARMD3, ADCL2, ARCL1A, HF1, CFH, HUS, ARMD4, AHUS1, CST3, ARMD11, RAXL1, QRX, CORD11, ARMD6, CFI, FI, AHUS3, ARMD13
aggressive periodontitis;CTSC, CPPI, PALS, PLS, HMS, PDON1, JPD
alcohol dependence;ADH1B, ADH2, ADH1C, ADH3, GABRA2, HTR2A, RCBTB1, CLLD7, GLP, TAS2R16, T2R16
alkaptonuria;HGD, AKU
alopecia universalis;HR, AU, MUHH1, HYPT4
alpha 1-antitrypsin deficiency;SERPINA1, PI, AAT
alpha thalassemia;ATRX, XH2, XNP, SHS, SFM1, MRXHF1, HBA1, HBH, HBA2, HBH, HBA1, HBH, HBA2, HBH
alpha-mannosidosis;MAN2B1, MANB
alternating hemiplegia of childhood;ATP1A2, FHM2, MHP2, ATP1A3, DYT12, RDP, AHC2, CAPOS
alveolar rhabdomyosarcoma;FOXO1A, FKHR, PAX3, WS1, HUP2, CDHS, WS3, PAX7, RMS2
alveolar soft part sarcoma;ASPSCR1, RCC17, ASPL, ASPS
amelogenesis imperfecta;ENAM, AIH2, AI1C, DLX3, TDO, AI4, LAMB3, AI1A, FAM83H, AI3, ENAM, AIH2, AI1C, KLK4, EMSP1, PRSS17, AI2A1, AMELX, AMG, AIH1, AMGX, AI1E, MMP20, AI2A2, WDR72, AI2A3, C4orf26, AI2A4, SLC24A4, NCKX4, SHEP6, AI2A5
amyotrophic lateral sclerosis;DCTN1, HMN7B, NEFH, PRPH, SOD1, ALS1, ALS2, ALSJ, PLSJ, IAHSP, SETX, SCAR1, AOA2, ALS4, FUS, TLS, ALS6, ETM4, ANG, RNASE5, ALS9, TARDBP, TDP43, ALS10, FIG4, KIAA0274, SAC3, ALS11, YVS, BTOP, OPTN, GLC1E, FIP2, HYPL, NRP, ALS12
amyotrophic lateral sclerosis type 1;DCTN1, HMN7B, NEFH, PRPH, SOD1, ALS1
amyotrophic lateral sclerosis type 10;TARDBP, TDP43, ALS10
amyotrophic lateral sclerosis type 11;FIG4, KIAA0274, SAC3, ALS11, YVS, BTOP
amyotrophic lateral sclerosis type 12;OPTN, GLC1E, FIP2, HYPL, NRP, ALS12
amyotrophic lateral sclerosis type 13;ATXN2, ATX2, SCA2, ASL13
amyotrophic lateral sclerosis type 14;VCP, IBMPFD1, ALS14
amyotrophic lateral sclerosis type 15;UBQLN2, PLIC2, CHAP1, ALS15
amyotrophic lateral sclerosis type 16;SIGMAR1, SRBP, ALS16
amyotrophic lateral sclerosis type 17;CHMP2B, DMT1, VPS2B, ALS17
amyotrophic lateral sclerosis type 18;PFN1, ALS18
amyotrophic lateral sclerosis type 19;ERBB4, HER4, ALS19
amyotrophic lateral sclerosis type 2;ALS2, ALSJ, PLSJ, IAHSP
amyotrophic lateral sclerosis type 21;MATR3, MPD2, ALS21
amyotrophic lateral sclerosis type 4;SETX, SCAR1, AOA2, ALS4
amyotrophic lateral sclerosis type 6;FUS, TLS, ALS6, ETM4
amyotrophic lateral sclerosis type 8;VAPB, VAPC, ALS8
amyotrophic lateral sclerosis type 9;ANG, RNASE5, ALS9
amyotrophic neuralgia;SEPT9, MSF, MSF1, NAPB
anauxetic dysplasia;RMRP, RMRPR, CHH
androgen insensitivity syndrome;AR, DHTR, TFM, SBMA, KD, SMAX1, HYSP1
angioma serpiginosum;MYH14, KIAA2034, DFNA4A, PNMHH
aniridia;ELP4, PAX6NEB, AN, PAX6, AN2, MGDA, FVH1
anonychia congenita;RSPO4, CRISTIN4
antithrombin III deficiency;SERPINC1, AT3, AT3D, THPH7
aortic valve stenosis;NOTCH1, TAN1, AOS5, AOVD1, SMAD6, MADH6, AOVD2
argininosuccinic aciduria;ASL
arrhythmogenic right ventricular cardiomyopathy;TGFB3, ARVD1, RNHF, RYR2, VTSIP, ARVD2, ARVC2, TMEM43, ARVD5, ARVC5, EDMD7, DSP, KPPS2, PPKS2, DCWHKTA, PKP2, ARVD9, DSG2, ARVD10, ARVC10, CMD1BB, DSC2, DSC3, ARVD11, JUP, DP3, PDGB, ARVD12, CTNNA3, ARVD13
arterial calcification of infancy;ENPP1, PDNP1, NPPS, M6S1, PCA1, ARHR2, COLED, ABCC6, ARA, ABC34, MLP1, PXE, GACI2
arterial tortuosity syndrome;SLC2A10, GLUT10, ATS
aspartylglucosaminuria;AGA
asphyxiating thoracic dystrophy;IFT80, KIAA1374, WDR56, SRTD2, ATD2, DYNC2H1, DNCH2, DHC2, ATD3, SRPS2B, SRTD3, TTC21B, THM1, NPHP12, SRTD4, ATD4, WDR19, SRTD5, ATD5, NPHP13, CED4
asthma;ADRB2, ALOX5, CCL11, SCYA11, HLA-G, HNMT, IL12B, NKSF2, IMD29, IL13, ALRH, BHR1, MUC7, PHF11, NYREN34, PLA2G7, PAFAH, PAFAD, SCGB3A2, UGRP1, TNF, TNFA
ataxia telangiectasia;ATM, ATA, AT1
atelosteogenesis;FLNB, SCT, AOI, LRS1, FLNB, SCT, AOI, LRS1, SLC26A2, DTD, DTDST, D5S1708, EDM4
atransferrinemia;TF, TFQTL1
atrial heart septal defect;NKX2-5, NKX2E, CSX, CHNG5, VSD3, HLHS2, GATA4, ASD2, VSD1, TACHD, TOF, TBX20, ASD4, ACTC1, CMD1R, CMH11, ASD5, LVNC4, TLL1, TLL, ASD6, MYH6, ASD3, MYHCA, CMD1EE, CMH14, SSS3, CITED2, MRG1, P35SRJ, VSD2, ASD8, GATA6, AVSD5, ASD9, AVSD5, PACHD
atrioventricular septal defect;GJA1, CX43, ODDD, SDTY3, ODOD, HSS, AVSD3, HLHS1, CMDR, CRELD1, AVSD2, GATA4, ASD2, VSD1, TACHD, TOF, GATA6, AVSD5, ASD9, AVSD5, PACHD
attention deficit hyperactivity disorder;ADHD1, ADHD2, ADHD3, ADHD4, DRD4, DRD5, DRD1B, DRD1L2
atypical teratoid rhabdoid tumor;SMARCB1, SNF5, INI1, RDT, RTPS1, MRD15, SWNTS1
autistic disorder;NLGN3, ASPGX1, AUTSX1, NLGN4, KIAA1260, AUTSX2, ASPGX2, MECP2, RTT, PPMX, MRX16, MRX79, AUTSX3, MRXSL, MRXS13, MRX79, MRX16, TMLHE, BBOX2, TMLH, TMLHED, AUTSX6
autoimmune lymphoproliferative syndrome;FAS, TNFRSF6, APT1, CD95, ALPS1A, FASLG, TNFSF6, APT1LG1, FASL, ALPS1B, CASP10, MCH4, ALPS2, CASP8, MCH5, ALPS2B, NRAS, ALPS4, NS6, CMNS, NCMS
autoimmune thrombocytopenic purpura;FCGR2C, CD32C
autosomal dominant non-syndromic intellectual disability;MBD5, KIAA1461, MRD1, ZBTB18, ZNF238, RP58, MRD22, CDH15, CDH14, CDH3, MRD3, KIRREL3, NEPH2, KIAA1867, KIRRE, MRD4, SYNGAP1, MRD5, MEF2C, C5DELq14.3, DEL5q14.3, GRIN2B, NMDAR2B, MRD6, EIEE27, DYRK1A, MNBH, MNB, MRD7, DOCK8, MRD2, GRIN1, NMDAR1, MRD8, KIF1A, ATSV, UNC104, SPG30, HSN2C, MRD9, CACNG2, MRD10, EPB41L1, MRD11, ARID1B, BAF250B, KIAA1235, MRD12, DYNC1H1, DNCL, DNECL, CMT20, MRD13, SMALED1, ARID1A, C1orf4, B120, SMARCF1, MRD14, SMARCB1, SNF5, INI1, RDT, RTPS1, MRD15, SWNTS1, SMARCA4, BRG1, RTPS2, MRD16, CTNNB1, MRD19, CTCF, MRD21, SETD5, KIAA1757, DEAF1, SPN, ZMYND5, MRD24, ADNP, ADNP1, KIAA0784, MRD28
autosomal dominant nonsyndromic deafness;DIAPH1, DFNA1, LFHL1, KCNQ4, DFNA2A, MYH14, KIAA2034, DFNA4A, PNMHH, DFNA5, EYA4, DFNA10, CMD1J, MYO7A, USH1B, DFNB2, DFNA11, COCH, DFNA9, TECTA, DFNA8, DFNA12, DFNB21, GJB2, CX26, DFNB1A, PPK, DFNA3A, KID, HID, COL11A2, STL3, DFNA13, DFNB53, FBCG2, POU4F3, BRN3C, MYH9, MHA, FTNS, DFNA17, BDPLT6, ACTG1, DFNA20, DFNA26, BRWS2, SIX1, BOS3, DFNA23, SLC17A8, VGLUT3, DFNA25, DSPP, DPP, DGI1, DFNA39, DTDP2, MYO6, DFNA22, DFNB37, TMC1, DFNB7, DFNB11, DFNA36, CCDC50, C3orf6, DFNA44, MYO1A, DFNA48, GRHL2, TFCP2L3, DFNA28, ECTDS, GJB6, CX30, DFNA3B, DFNB1B, ECTD2, HED2, GJB3, CX31, DFNA2B, MIR96, MIRN96, DFNA50
autosomal dominant polycystic kidney;PKD1
autosomal dominant type IV Ehlers-Danlos syndrome;COL3A1
autosomal recessive non-syndromic intellectual disability;PRSS12, BSSP3, MRT1, CRBN, MRT2, CC2D1A, MRT3, ST3GAL3, SIAT6, ST3GALII, MRT12, EIEE15, NSUN2, TRM4, SAKI, MISU, MRT5, GRIK2, GLUR6, MRT6, TUSC3, M33, D8S1992, MRT7, MRT22, TECR, GPSN2, TER, SC2, MRT14, MED23, MRT18, ASXL1, KIAA0978, BOPS, MDS, GATA2, DCML, MONOMAC, IMD21, SF3B1, SF3B155, SAP155, MDS, TET2, KIAA1546, MDS, LINS1, WINS1, FLJ10583, MRT27, CRADD, RAIDD, MRT34, ARID1B, BAF250B, KIAA1235, MRD12, ANK3, MRT37, HERC2, SHEP1, MRT38, TTI2, C8orf41, MRT39, TAF2, TAF2B, TAFII150, CIF150, MRT40, KPTN, 2E4, MRT41, PGAP1, MRT42, KIAA1033, SWIP, MRT43, METTL23, C17orf95, MRT44
autosomal recessive nonsyndromic deafness;GJB2, CX26, DFNB1A, PPK, DFNA3A, KID, HID, GJB3, CX31, DFNA2B, GJB6, CX30, DFNA3B, DFNB1B, ECTD2, HED2, MYO7A, USH1B, DFNB2, DFNA11, MYO15A, DFNB3, TMIE, DFNB6, TMC1, DFNB7, DFNB11, DFNA36, OTOF, DFNB9, NSRD9, AUNB1, TMPRSS3, ECHOS1, DFNB8, DFNB10, ATP2B2, PMCA2, CDH23, USH1D, USH1C, DFNB18A, TECTA, DFNA8, DFNA12, DFNB21, STRC, DFNB16, OTOA, DFNB22, WHRN, CIP98, KIAA1526, DFNB31, USH2D, MYO3A, DFNB30, MYO6, DFNA22, DFNB37, HGF, DFNB39, ESRRB, ESRL2, DFNB35, ESPN, PCDH15, DFNB23, USH1F, COL11A2, STL3, DFNA13, DFNB53, FBCG2, TRIOBP, KIAA1662, MARVELD2, MARVD2, TRIC, DFNB49, PJVK, DFNB59, LHFPL5, TMHS, DFNB67, RDX, DFNB24, LRTOMT, LRTOMT1, LRTOMT2, DFNB63, GJB6, CX30, DFNA3B, DFNB1B, ECTD2, HED2, LOXHD1, DFNB77, GRXCR1, TPRN, C9orf75, DFNB79, PTPRQ, PTPGMC1, DFNB84A, SERPINB6, PI6, PTI, SPI3, DFNB91
autosomal recessive polycystic kidney;FCYT, PKHD1, ARPKD
azoospermia;GOPC, PIST, FIG, CAL, SPATA16, SPGF6, STK13, AIE2, SPGF5, SYCP3, SCP3, COR1, SPGF4, USP9Y, DFFRY, SPGFY2, SLC26A8, TAT1, SPGF3, CATSPER1, CATSPER, SPGF7, NR5A1, FTZF1, FTZ1, SF1, AD4BP, POF7, SRXY3, SPGF8, DPY19L2, SPGF9, SEPT12, SPGF10, KLHL10, SPGF11, NANOS1, NOS1, SPGF12, TAF4B, TAF2C2, TAFII105, SPGF13, ZMYND15, SPGF14
basal cell carcinoma;PTCH1, NBCCS, BCNS, HPE7, PTCH2, RASA1, GAP, CMAVM, PKWS
basal ganglia calcification;SLC20A2, MLVAR, GLVR2, IBGC1, PDGFRB, PDGFR, IBGC4, IMF1, PDGFB, SIS, IBGC5
benign familial infantile epilepsy;PRRT2, PKC, DYT10, EKD1, BFIS2, BFIC2, ICCA, SCN2A, SCN2A1, BFIC3, EIEE11, BFIS3, BFNIS
benign neonatal seizures;KCNQ2, EBN1, EIEE7, BFNS1, KCNQ3, EBN2, BFNC2, DYRK1B, MIRK, AOMS3
bestrophinopathy;BEST1, VMD2, ARB, RP50
beta thalassemia;HBB, HBB, LCRB
beta-ketothiolase deficiency;ACAT1
beta-mannosidosis;MANBA, MANB1
biotin-responsive basal ganglia disease;SLC19A3, THMD2, BBGD
biotinidase deficiency;BTD
blepharophimosis, ptosis, and epicanthus inversus syndrome;FOXL2, BPES, BPES1, PFRK, POF3
blepharophimosis-intellectual disability syndrome;KAT6B, MYST4, MORF, GTPTS
blepharospasm;DRD5, DRD1B, DRD1L2
bloom syndrome;RECQL3, RECQ2, BLM, BS
blue color blindness;OPN1SW, BCP, CBT
blue cone monochromacy;OPN1LW, RCP, CBP, CBBM, OPN1MW, GCP, CBD, CBBM
brachydactyly;IHH, BDA1, BMP2, BMP2A, BDA2, BMPR1B, ALK6, GDF5, CDMP1, SYNS2, OS5, BDA1C, SYM1B, ROR2, BDB1, BDB, NTRKR2, GDF5, CDMP1, SYNS2, OS5, BDA1C, SYM1B, HOXD13, HOX4I, SPD, BDSD, HOXD13, HOX4I, SPD, BDSD, NOG, SYM1, SYNS1, PTHLH, BDE2, GDF5, CDMP1, SYNS2, OS5, BDA1C, SYM1B
brachydactyly-syndactyly syndrome;HOXD13, HOX4I, SPD, BDSD
brachyolmia;TRPV4, VROAC, HMSN2C, CMT2C, SPSMA, SSQTL1, SMAL
bradyopsia;RGS9, PERRS, RGS9BP, R9AP, RGS9, PERRS
branchiooculofacial syndrome;TFAP2A, AP2TF, BOFS
branchiootic syndrome;EYA1, BOR, BOS1, OFC1, SIX1, BOS3, DFNA23
branchiootorenal syndrome;EYA1, BOR, BOS1, OFC1, SIX5, DMAHP, BOR2
breast cancer;AKT1, CWS6, ATM, ATA, AT1, BARD1, BRCA2, FANCD1, BROVCA2, GLM3, PNCA2, BRIP1, BACH1, FANCJ, CASP8, MCH5, ALPS2B, CDH1, UVO, LCAM, ECAD, CHEK2, RAD53, CHK2, CDS1, LFS2, ESR1, ESR, ESTRR, HMMR, KRAS, KRAS2, RASK2, NS, CFC2, NQO2, NMOR2, PALB2, FANCN, PNCA3, PHB, PIK3CA, CLOVE, MCAP, MCM, MCMTC, CWS5, PPM1D, WIP1, RAD51A, RECA, MRMV2, RAD54L, HR54, HRAD54, RB1CC1, CC1, KIAA0203, SLC22A1L, BWSCR1A, IMPT1, TP53, P53, LFS1 , BCC7, TSG101, XRCC3, CMM6
bronchiectasis;CFTR, ABCC7, CF, MRP7, SCNN1B, BESC1, SCNN1A, BESC2, SCNN1G, PHA1, BESC3
bulimia nervosa;BDNF, BULN2, ANON2
buphthalmos;CYP1B1, GLC3A
campomelic dysplasia;SOX9, CMD1, SRA1
carbamoyl phosphate synthetase I deficiency disease;CPS1, PHN
cardiofaciocutaneous syndrome;BRAF, NS7, KRAS, KRAS2, RASK2, NS, CFC2
carnitine palmitoyltransferase II deficiency;CPT2, IIAE4, CPT2, IIAE4, CPT2, IIAE4
carpal tunnel syndrome;TTR, PALB
cartilage-hair hypoplasia;RMRP, RMRPR, CHH
cataract;CRYGD, CRYG4, CTRCT4, CACA, CCA3, PCC, CRYBA2, CTRCT42, CRYGS, CRYG8, CTRCT20, GJA8, CX50, CTRCT1, CZP1, CAE1, VIM, CTRCT30, WFS1, WFRS, WFS, DFNA6, DFNA14, DFNA38, WFSL, CTRCT41, HSF4, CTM, CTRCT5, NHS, CXN, CTRCT40, CRYBA1, CRYB1, CTRCT10, CRYBB2, CRYB2, CTRCT3, CCA2, GJA3, CX46, CZP3, CAE3, CTRCT14, CRYAA, CRYA1, CTRCT9, CRYGC, CRYG3, CTRCT2, CCL, CRYBB3, CRYB3, CATCN2, CTRCT22, FYCO1, CATC2, CTRCT18, MAF, CCA4, CTRCT21, CRYBA4, CTRCT23, BFSP1, CP115, CTRCT33, CRYBB1, CATCN3, CTRCT17, BFSP2, CP49, CP47, CTRCT12, TDRD7, KIAA1529, TRAP, CATC4, CTRCT36, CRYGB, CRYG2, CTRCT39
celiac disease;HLA-DQA1, CELIAC1, HLA-DQB1, CELIAC1
central core myopathy;RYR1, MHS, CCO
centronuclear myopathy;DNM2, CMTDIB, CMTDI1, CMT2M, LCCS5, MTMR14, C3orf29, HJUMPY, BIN1, AMPHL, MTM1, MTMX, MYF6, CNM3, CCDC78, C16orf25, CNM4, SPEG, APEG1, CNM5
cerebral amyloid angiopathy;CST3, ARMD11, ITM2B, BRI, ABRI, FBD, RDGCA, ITM2B, BRI, ABRI, FBD, RDGCA, APP, AAA, CVAP, AD1
cerebrotendinous xanthomatosis;CYP27A1, CYP27, CTX
cerebrovascular disease;ALOX5AP, FLAP, F2, THPH1, RPRGL2, F5, THPH2, RPRGL1, NOS3, PRKCH, PKCL, PRKCL
cervix carcinoma;FGFR3, ACH
cherubism;SH3BP2, CRPM
cholecystitis;ABCB4, PGY3, MDR3, ICP3
chondrocalcinosis;ANKH, HANK, ANK, CMDJ, CCAL2, CPPDD
chondrosarcoma;EXT1
choreatic disease;NKX2-1, TITF1, NKX2A, TTF1
choroid plexus papilloma;TP53, P53, LFS1 , BCC7
choroideremia;CHM, TCD
chronic granulomatous disease;CYBA, NCF1, NCF2, CYBB, CGD, AMCBX2, IMD34, NCF4, P40PHOX
chronic mucocutaneous candidiasis;CARD9, CANDF2, CLEC7A, CLECSF12, DECTIN1, CANDF4
chronic myeloid leukemia;BCR, CML, PHL, ALL
citrullinemia;ASS1, ASS, SLC25A13, CTLN2, SLC25A13, CTLN2
cleft palate;UBB
cleidocranial dysplasia;RUNX2, CBFA1, PEBP2A1, AML3, CCD, CLCD
clubfoot;PITX1, PTX1, BFT, POTX, CCF, LBNBG
coenzyme Q10 deficiency disease;COQ2, COQ10D1, MSA1, ADCK3, COQ8, CABC1, SCAR9, ARCA2, COQ10D4, COQ6, CGI10, COQ10D6, PDSS1, TPT, COQ1, COQ10D2, PDSS2, DLP1, C6orf210, COQ10D3, COQ9, C16orf49, COQ10D5
cold-induced sweating syndrome;CLCF1, BSF3, CLC, CISS2
coloboma;PAX6, AN2, MGDA, FVH1, SALL2, HSAL2, COLB
coloboma of optic nerve;PAX6, AN2, MGDA, FVH1
colon carcinoma;AKT1, CWS6, APC, GS, FPC, BTPS2, AURKA, STK15, AURORA2, BTAK, ARK1, STK6, AIK, AXIN2, ODCRCS, BAX, BUB1B, BUBR1, MVA1, CCND1, PRAD1, BCL1, CTNNB1, MRD19, DCC, MRMV1, EP300, RSTS2, FGFR3, ACH, FLCN, BHD, MCC, MLH3, HNPCC7, NRAS, ALPS4, NS6, CMNS, NCMS, ODC1, PDGFRL, PDGRL, PRLTS, PIK3CA, CLOVE, MCAP, MCM, MCMTC, CWS5, PLA2G2A, PLA2B, PLA2L, MOM1, PTPN12, PTPG1, PTPRJ, DEP1, RAD54B, TLR2, TIL4, TLR4, ARMD10, TP53, P53, LFS1 , BCC7
colorectal cancer;AKT1, CWS6, APC, GS, FPC, BTPS2, AURKA, STK15, AURORA2, BTAK, ARK1, STK6, AIK, AXIN2, ODCRCS, BAX, BUB1B, BUBR1, MVA1, CCND1, PRAD1, BCL1, CTNNB1, MRD19, DCC, MRMV1, EP300, RSTS2, FGFR3, ACH, FLCN, BHD, MCC, MLH3, HNPCC7, NRAS, ALPS4, NS6, CMNS, NCMS, ODC1, PDGFRL, PDGRL, PRLTS, PIK3CA, CLOVE, MCAP, MCM, MCMTC, CWS5, PLA2G2A, PLA2B, PLA2L, MOM1, PTPN12, PTPG1, PTPRJ, DEP1, RAD54B, TLR2, TIL4, TLR4, ARMD10, TP53, P53, LFS1 , BCC7, SMAD7, MADH7, CRCS3, POLD1, CRCS10, MDPL, POLE1, CRCS12, FILS
combined T cell and B cell immunodeficiency;IL2RG, SCIDX1, SCIDX, IMD4
combined oxidative phosphorylation deficiency;AIFM1, PDCD8, AIF, COXPD6, COWCK, CMTX4, GFM1, EFG1, GFM, COXPD1, MRPS16, COXPD2, TSFM, COXPD3, TUFM, EFTU, COXPD4, MRPS22, C3orf5, COXPD5, C12orf65, COXPD7, SPG55, AARS2, KIAA1270, MTALARS, COXPD8, LKENP, MRPL3, MRL3, COXPD9, MTO1, COXPD10, RMND1, COXPD11, EARS2, KIAA1970, COXPD12, PNPT1, OLD35, COXPD13, DFNB70, FARS2, FARS1, COXPD14, MTFMT, COXPD15, MRPL44, COXPD16, ELAC2, HPC2, COXPD17, SFXN4, COXPD18, LYRM4, ISD11, C6orf149, COXPD19, VARS2, KIAA1885, COXPD20, TARS2, COXPD21
common variable immunodeficiency;TNFRSF13B, TACI, CVID2, ICOS, AILIM, CVID1, CD19, CVID3, TNFRSF13C, BAFFR, CVID4, MS4A1, CD20, CVID5, CD81, TAPA1, CVID6, CR2, C3DR, SLEB9, CVID7, LRBA, LBA, CDC4L, CVID8, PRKCD, CVID9, ALPS3, NFKB2, LYT10, CVID10, IL21, CVID11
complement component 2 deficiency;C2, ARMD14
complement component 3 deficiency;C3, ARMD9, AHUS5
complement component 4a deficiency;C4A, C4S, C4AD
complement component 5 deficiency;C5, C5D, ECLZB
complement component 6 deficiency;C6
complement component 7 deficiency;C7
complement component 9 deficiency;C9, C9D, ARMD15
complement factor I deficiency;CFI, FI, AHUS3, ARMD13
cone dystrophy;PDE6H, RCD3, ACHM6, KCNV2, KV11.1, RCD3B, CACNA2D4, RCD4
cone-rod dystrophy;CRX, CORD2, CRD, LCA7, CACNA1F, CSNB2, CORDX3, CSNB2A, AIED, OA2, RPGR, RP3, CRD, RP15, COD1, CORDX1, PITPNM3, NIR1, CORD5, GUCY2D, GUC2D, LCA1, CORD6, RCD2, GUCA1A, GCAP, COD3, CORD14, RIMS1, RIM1, RIM, KIAA0340, CORD7, ABCA4, ABCR, STGD1, FFM, RP19, CORD3, ARMD2, RLBP1, RPGRIP1, LCA6, CORD13, SEMA4A, SEMB, RP35, CORD10, RAXL1, QRX, CORD11, ARMD6, PROM1, PROML1, AC133, RP41, CORD12, CD133, MCDR2, STGD4, ADAM9, MDC9, MCMP, CORD9, CDHR1, PCDH21, PRCAD, CORD15, RP65, C8orf37, CORD16, RP64, RAB28, CORD18, TTLL5, STAMP, KIAA0998, CORD19, POC1B, PIX1, CORD20
congenital adrenal hyperplasia;STAR, HSD3B2, CYP21A2, CYP21, CA21H, CYP11B1, P450C11, FHI, CYP17A1, CYP17, P450C17
congenital adrenal insufficiency;CYP11A1, P450SCC
congenital afibrinogenemia;FGA, FGB, FGG
congenital aphakia;FOXE3, FKHL12, ASMD
congenital bile acid synthesis defect;AMACR, CBAS4, AMACRD, AKR1D1, SRD5B1, CBAS2, HSD3B7, CBAS1, CYP7B1, CBAS3, SPG5A
congenital diaphragmatic hernia;ZFPM2, FOG2, DIH3, SRXY9
congenital disorder of glycosylation;PMM2, CDG1A, MGAT2, CDGS2, CDG2A
congenital disorder of glycosylation type I;PMM2, CDG1A, ALG3, NOT56L, CDGS4, CDG1D, MPI, PMI1, CDG1B, ALG6, CDG1C, ALG12, CDG1G, ALG2, CDGII, DPAGT1, DPAGT2, DGPT, CDG1J, CMSTA2, ALG8, CDG1H, ALG1, HMAT1, HMT1, CDG1K, ALG9, DIBD1, CDG1L, DPM1, MPDS, CDGIE, MPDU1, SL15, CDGIF, TMEM15, DK1, SEC59, KIAA1094, CDG1M, RFT1, CDG1N, SRD5A3, SRD5A2L, CDG1Q, KRIZI, DPM3, CDG1O, ALG11, KIAA1266, CDG1P
congenital disorder of glycosylation type II;MGAT2, CDGS2, CDG2A, SLC35C1, FUCT1, CDG2C, SLC35A1, CST, CDG2F, MOGS, GCS1, CDG2B, B4GALT1, GGTB2, GT1, GTB, CDG2D, COG7, CDG2E, COG8, DOR1, CDG2H, COG1, LDLB, KIAA1381, CDG2G, COG4, COD1, CDG2J, COG5, GOLTC1, GTC90, CDG2I
congenital dyserythropoietic anemia;SEC23B, CDAN2, HEMPAS, CDAN1, CDA1, CDAN1A, KLF1, EKLF, INLU, HBFQTL6, CDAN4, C15orf41
congenital generalized lipodystrophy;BSCL2, SPG17, HMN5, PELD, AGPAT2, LPAAB, BSCL, BSCL1, CAV1, BSCL3, CGL3, PPH3, LCCNS, PTRF, CAVIN, CGL4
congenital hypothyroidism;PAX8, NKX2-5, NKX2E, CSX, CHNG5, VSD3, HLHS2, SLC5A5, NIS, TDH1, TPO, TPX, TDH2A, DUOXA2, TDH5, TSHB, CHNG4, DUOX2, THOX2, TDH6, THRA, ERBA1, THRA1, CHNG6
congenital ichthyosiform erythroderma;ALOX12B, ARCI2
congenital ichthyosis;TGM1, ICR2, ARCI1
congenital intrinsic factor deficiency;GIF, IF
congenital muscular dystrophy;CHKB, CHKL, CKEKB, EKB, MDCMC, SEPN1, SELN, RSMD1, CFTD, FKRP, MDC1C, LGMD2I, MDDGA5, MDDGB5, MDDGC5, LAMA2, LAMM, LARGE, KIAA0609, MDC1D, MDDGA6, MDDGB6, ITGA7, LMNA, LMN1, EMD2, FPLD2, CMD1A, HGPS, LGMD1B
congenital myasthenic syndrome;CHAT, CMS1A2, DOK7, C4orf25, CMS1B, CHRNA1, ACHRD, CMS2A, SCCMS, FCCMS, CHRNB1, ACHRB, SCCMS, CMS2A, CMS1D, CHRND, ACHRD, SCCMS, CMS2A, FCCMS, CHRNE, SCCMS, CMS2A, FCCMS, CMS1E, CMS1D, CHRNA1, ACHRD, CMS2A, SCCMS, FCCMS, CHRND, ACHRD, SCCMS, CMS2A, FCCMS, CHRNE, SCCMS, CMS2A, FCCMS, CMS1E, CMS1D, CHRNB1, ACHRB, SCCMS, CMS2A, CMS1D, CHRNE, SCCMS, CMS2A, FCCMS, CMS1E, CMS1D, MUSK, RAPSN, CMS1D, CMS1E, SCN4A, HYPP, NAC1A, HOKPP2
congenital nonspherocytic hemolytic anemia;G6PD, G6PD1, GPI
congenital nystagmus;GPR143, OA1, NYS6
congenital ptosis;ZFHX4, ZFH4
congenital secretory chloride diarrhea 1;SLC26A3, DRA, CLD
congenital stationary night blindness;PDE6B, PDEB, RP40, CSNBAD2, GRM6, MGLUR6, CSNB1B, CACNA1F, CSNB2, CORDX3, CSNB2A, AIED, OA2, NYX, CSNB1A, NBM1, CABP4, CSNB2B, GNAT1, CSNBAD3, RHO, RP4, OPN2, CSNBAD1, TRPM1, MLSN1, CSNB1C
cornea plana;KERA, CNA2
coronary artery disease;MEF2A, ADCAD1, LRP6, ADCAD2, KHDC3L, C6orf221, ECAT1, HYDM2
craniofrontonasal syndrome;EFNB1, EPLG2, CFNS, CFND
craniometaphyseal dysplasia;SOST, VBCH, CDD, SOST1, ANKH, HANK, ANK, CMDJ, CCAL2, CPPDD, GJA1, CX43, ODDD, SDTY3, ODOD, HSS, AVSD3, HLHS1, CMDR, IFT43, C14orf179, CED3, WDR19, SRTD5, ATD5, NPHP13, CED4
craniosynostosis;TWIST1, ACS3, SCS, CRS1, SKI, SGS, ERF, PE2, CRS4, MSX2, CRS2, HOX8, TCF12, HTF4, CRS3, ALX4, PFM2, FPP, FND2, CRS5
creatine transporter deficiency;SLC6A8, CRTR, CCDS1
cryptorchidism;INSL3, LGR8, GREAT
cutaneous porphyria;UROS
cutis laxa;ELN, FBLN5, ARMD3, ADCL2, ARCL1A, ALDH18A1, PYCS, GSAS, ARCL3A, ATP6V0A2, WSS, ARCL2A, PYCR1, PRO3, ARCL2B, ARCL3B, LTBP4, LTBP4S, LTBP4L, ARCL1C, FBLN5, ARMD3, ADCL2, ARCL1A, EFEMP2, FBLN4, UPH1, ARCL1B, PYCR1, PRO3, ARCL2B, ARCL3B
cyclic hematopoiesis;ELANE, ELA2, SCN1
cystic fibrosis;CFTR, ABCC7, CF, MRP7, FCGR2A, IGFR2, CD32, TGFB1, DPD1, CED
cystinosis;CTNS
cystinuria;SLC3A1, ATR1, D2H, NBAT, SLC7A9, CSNU3
cytochrome-c oxidase deficiency disease;APOPT1, APOP, COA5, C2orf64, PET191, COX10, COX14, C12orf62, COX20, FAM36A, COX6B1, FASTKD2, KIAA0971, PET100, C19orf79, TACO1, CCDC44
deafness dystonia syndrome;TIMM8A, DFN1, DDP, MTS, DDP1
dengue shock syndrome;CD209, CDSIGN
dentatorubral-pallidoluysian atrophy;ATN1, DRPLA, HRS, NOD
dentin dysplasia;SMOC2, SMAP2, DTDP1, DSPP, DPP, DGI1, DFNA39, DTDP2
dentinogenesis imperfecta;DSPP, DPP, DGI1, DFNA39, DTDP2, DSPP, DPP, DGI1, DFNA39, DTDP2
desmoplastic medulloblastoma;BRCA2, FANCD1, BROVCA2, GLM3, PNCA2, PTCH2, SUFU, SUFUXL, SUFUH
diabetic ketoacidosis;PAX4, MODY9, KPD
diastrophic dysplasia;SLC26A2, DTD, DTDST, D5S1708, EDM4
dihydropyrimidine dehydrogenase deficiency;DPYD, DPD
dilated cardiomyopathy;LMNA, LMN1, EMD2, FPLD2, CMD1A, HGPS, LGMD1B, DMD, BMD, CMD3B, SCN5A, LQT3, VF1, HB1, SSS1, CMD1E, CDCD2, LDB3, ZASP, CYPHER, KIAA01613, CMD1C, LVNC3, MFM4, TNNT2, CMH2, CMD1D, RCM3, LVNC6, TTN, CMD1G, TMD, LGMD2J, MPRM, HMERF, EOMFC, DES, CMD1I, MFM1, SCPNK, ARVD7, ARVC7, LGMD2R, EYA4, DFNA10, CMD1J, SGCD, SGD, LGMD2F, CMD1L, CSRP3, CRP3, CLP, CMD1M, CMH12, TCAP, LGMD2G, CMD1N, ABCC9, SUR2, CMD1O, ATFB12, CANTU, PLN, PLB, CMD1P, CMH18, VCL, CMD1W, CMH15, FKTN, FCMD, CMD1X, LGMD2M, MDDGA4, MDDGB4, MDDGC4, TPM1, CMH3, CMD1Y , LVNC9, TNNC1, CMD1Z, CMH13, TNNI3, CMH7, CMD2A, RCM1, CMD1FF, ACTN2, CMD1AA, DSG2, ARVD10, ARVC10, CMD1BB, NEXN, NELIN, CMD1CC, CMH20, RBM20, MYH6, ASD3, MYHCA, CMD1EE, CMH14, SSS3, TNNI3, CMH7, CMD2A, RCM1, CMD1FF, ACTC1, CMD1R, CMH11, ASD5, LVNC4, MYH7, CMH1, MPD1, CMD1S, SPMM, SPMD, SDHA, SDH1, SDHF, CMD1GG, PGL5, PSEN1, AD3, PSEN2, AD4, STM2, CMD1V, TMPO, LAP2, CMD1T, BAG3, MFM6, GATAD1, ODAG, CMD2B, CRYAB, CRYA2, CTPP2, CMD1II, CTRCT16, MFM2, LAMA4, LAMA3, CMD1JJ, RAF1, CRAF, NS5, CMD1NN
distal arthrogryposis;TPM2, TMSB, AMCD1, DA1, DA2B, NEM4, PIEZO2, FAM38B, DA5, DA3, MWKS, PIEZO2, FAM38B, DA5, DA3, MWKS, FBN2, CCA, EOMD, MYH8, MYH3, MYH3, TNNI2, AMCD2B, DA2B, FSSV, TNNT3, AMCD2B, DA2B, FSSV, TPM2, TMSB, AMCD1, DA1, DA2B, NEM4, MYBPC1, LCCS4, ECEL1, XCE, DA5D
distal hereditary motor neuropathy;HSPB8, H11, E2IG1, DHMN2, CMT2L, HMN2A, BSCL2, SPG17, HMN5, PELD, GARS, SMAD1, CMT2D, HMN5, DCTN1, HMN7B, HSPB1, HSP27, CMT2F, HMN2B, HSPB3, HSPL27, HMN2C, DHMN2C
distal muscular dystrophy;MYH7, CMH1, MPD1, CMD1S, SPMM, SPMD, DYSF, LGMD2B, MMD1, DYSF, LGMD2B, MMD1, ANO5, TMEM16E, GDD1, LGMD2L, FLNC, FLN2, ABPA, ABPL, MFM5, MPD4, CAV3, LGMD1C, LQT9
double outlet right ventricle;CFC1, CRYPTIC, HTX2, DTGA2, GATA6, AVSD5, ASD9, AVSD5, PACHD, GDF1, DTGA3, DORV, RAI, NKX2-5, NKX2E, CSX, CHNG5, VSD3, HLHS2, NKX2-6, CSX2, CTHM, TBX1, DGS, CTHM, CAFS, TGA, DORV, VCFS, DGCR
dyschromatosis symmetrica hereditaria;ADAR, DRADA, DSH, DSRAD, IFI4, G1P1, AGS6
dyschromatosis universalis hereditaria;ABCB6, MTABC3, MCOPCB7, LAN, DUH3
dyskeratosis congenita;TERC, TRC3, TR, DKCA1, PFBMFT2, NOLA3, NOP10, DKCB1, DKC1, DKCX, WRAP53, TCAB1, WDR79, DKCB3, TERT, TCS1, EST2, DKCA2, DKCB4, PFBMFT1, CMM9, TINF2, TIN2, DKCA3, RTEL1, C20orf41, NHL, KIAA1088, DKCB5, DKCA4
dyslexia;DYX1C1, DYXC1, DYX1, CILD25, KIAA0319, DYX2, DYLX2, DLX2
dysplastic nevus syndrome;PTEN, MMAC1, GLM2, CWS1, CDKN2A, MTS1, P16, MLM, CMM2
embryonal rhabdomyosarcoma;SLC22A1L, BWSCR1A, IMPT1
endometrial carcinoma;CDH1, UVO, LCAM, ECAD, MLH3, HNPCC7, MSH6, GTBP, HNPCC5, PTEN, MMAC1, GLM2, CWS1
enlarged vestibular aqueduct;FOXI1, FKHL10, FREAC6, KCNJ10, SESAME, SLC26A4, PDS, DFNB4, EVA, TDH2B
epidermal nevus;FGFR3, ACH, HRAS, NRAS, ALPS4, NS6, CMNS, NCMS, PIK3CA, CLOVE, MCAP, MCM, MCMTC, CWS5
epidermodysplasia verruciformis;TMC6, EVER1, EV1, TMC8, EVER2, EV2
epidermolytic hyperkeratosis;KRT1, EPPK, NEPPK, EHK, KRT10, EHK, BCIE, BIE
episodic ataxia;CACNA1A, CACNL1A4, SCA6, KCNA1, AEMK, EA1, SLC1A3, EAAT1, EA6, CACNB4, EJM6, EA5, EIG9
erythrokeratodermia variabilis;GJB3, CX31, DFNA2B, GJB4, CX30.3
erythropoietic protoporphyria;FECH, FCE, ALAS2, ANH1, ASB, XLEPP, XLSA, ANH1
esophagus squamous cell carcinoma;DEC1, DLEC1, DLC1, LZTS1, F37, FEZ1, RNF6, TGFBR2, HNPCC6, AAT3, MFS2, LDS2, WWOX, FOR, SCAR12, EIEE28
essential hypertension;ADD1, AGT, SERPINA8, AGTR1, AGTR1A, AT2R1, ATP1B1, CYP3A5, P450PCN3, ECE1, GNB3, HYT1, HYT2, HYT3, HYT4, HYT5, HYT6, NOS2A, NOS2, NOS3, PTGIS, CYP8A1, PGIS, CYP8, RGS5, SELE, ELAM1
essential tremor;DRD3, ETM1, FET1, FUS, TLS, ALS6, ETM4
exfoliation syndrome;LOXL1, LOXL
extraskeletal myxoid chondrosarcoma;CSMF, TAF15, TAF2N, RBP56
exudative vitreoretinopathy;FZD4, EVR1, NDP, ND, EVR2, LRP5, BMND1, LRP7, LR3, OPPG, VBCH2, OPTA1, EVR4, TSPAN12, NET2, EVR5
factor V deficiency;F5, THPH2, RPRGL1
factor XI deficiency;F11
factor XII deficiency;F12, HAF, HAE3
factor XIII deficiency;F13A1, F13A, F13B
familial Mediterranean fever;MEFV, MEF, FMF, MEFV, MEF, FMF
familial adenomatous polyposis;APC, GS, FPC, BTPS2, MUTYH, MYH
familial atrial fibrillation;KCNQ1, KCNA9, LQT1, KVLQT1, ATFB3, SQT2, KCNE2, MIRP1, LQT6, ATFB4, NPPA, PND, ANP, ATFB6, ATRST2, KCNA5, ATFB7, KCNJ2, HHIRK1, KIR2.1, IRK1, LQT7, SQT3, ATFB9, SCN5A, LQT3, VF1, HB1, SSS1, CMD1E, CDCD2, GJA5, CX40, ATFB11, ABCC9, SUR2, CMD1O, ATFB12, CANTU, NUP155, KIAA0791, ATFB15
familial combined hyperlipidemia;LPL, LIPD, HDLCQ11
familial encephalopathy with neuroserpin inclusion bodies;SERPINI1, PI12
familial hemiplegic migraine;CACNA1A, CACNL1A4, SCA6, ATP1A2, FHM2, MHP2, SCN1A, GEFSP2, SMEI, FEB3A, EIEE6, FHM3
familial hypercholesterolemia;ABCA1, ABC1, HDLDT1, TGD, APOA2, EPHX2, GHR, GHIP, GSBS, ITIH4, PK120, ITIHL1, LDLR, FHC, FH, LDLCQ2
familial hypertriglyceridemia;APOA5, LIPI, LPDL, PRED5
familial juvenile hyperuricemic nephropathy;UMOD, HNFJ1, FJHN, MCKD2, ADMCKD2, REN, HNFJ2
familial lipoprotein lipase deficiency;LPL, LIPD, HDLCQ11
familial medullary thyroid carcinoma;NTRK1, TRKA, MTC, RET, MEN2A, HSCR1
familial meningioma;MN1, MGCR, NF2, PDGFB, SIS, IBGC5, PTEN, MMAC1, GLM2, CWS1, SMARCE1, BAF57, SUFU, SUFUXL, SUFUH
familial partial lipodystrophy;LMNA, LMN1, EMD2, FPLD2, CMD1A, HGPS, LGMD1B, PPARG, PPARG1, PPARG2, CIMT1, GLM1, PPP1R3A, PPP1R3, PLIN1, PLIN, FPLD4, CIDEC, FSP27, CIDE3, FPLD5
familial visceral amyloidosis;APOA1, FGA, LYZ
fatal familial insomnia;PRNP, PRIP, KURU, CJD
fatal infantile encephalocardiomyopathy;SCO2, CEMCOX1, MYP6, COX15, CEMCOX2
fibrodysplasia ossificans progressiva;ACVR1, ACVRLK2, ALK2, FOP
fibular hypoplasia and complex brachydactyly;GDF5, CDMP1, SYNS2, OS5, BDA1C, SYM1B
focal dermal hypoplasia;PORCN, PORC, DHOF, FODH
focal segmental glomerulosclerosis;ACTN4, FSGS1, FSGS, TRPC6, TRP6, FSGS2, CD2AP, CMS, APOL1, FSGS4, INF2, FSGS5, C14orf173, CMTDIE, MYO1E, MYO1C, FSGS6
follicular thyroid carcinoma;HRAS, MINPP1, HIPER1, NRAS, ALPS4, NS6, CMNS, NCMS, PTEN, MMAC1, GLM2, CWS1
fragile X syndrome;FMR1, FRAXA, POF1
fragile X-associated tremor/ataxia syndrome;FMR1, FRAXA, POF1
frontotemporal dementia;MAPT, MTBT1, DDPAC, MSTD, PSEN1, AD3, CHMP2B, DMT1, VPS2B, ALS17
fructose-1,6-bisphosphatase deficiency;FBP1
fucosidosis;FUCA1
fundus albipunctatus;PRPH2, DS, RP7, PRPH, AVMD, AOFMD, CACD2, MDBS1, RDH5, RHO, RP4, OPN2, CSNBAD1, RLBP1
galactokinase deficiency;GALK1
galactosemia;GALE, GALT
gallbladder disease;ABCG8, GBD4
gamma chain deficiency;IL2RG, SCIDX1, SCIDX, IMD4
gangliosidosis GM1;GLB1, MPS4B, GLB1, MPS4B, GLB1, MPS4B
gastrointestinal stromal tumor;KIT, PBT, PDGFRA, SDHB, SDH2, SDHIP, PGL4, CWS2, SDHC, PGL3
generalized dystonia;DYT1, TOR1A
generalized epilepsy with febrile seizures plus;SCN1B, GEFSP1, BRGDA5, ATFB13, SCN1A, GEFSP2, SMEI, FEB3A, EIEE6, FHM3, GABRG2, GEFSP3, CAE2, ECA2, SCN9A, NENA, PN1, FEB3B, GEFSP7, SFNP, HSAN2D
gestational trophoblastic neoplasm;NALP7, NOD12, PYPAF3, HYDM
glucocorticoid-remediable aldosteronism;CYP11B1, P450C11, FHI
glycine encephalopathy;AMT, NKH, GCE, GCSH, NKH, GLDC, HYGN1, GCSP, GCE, NKH
glycogen storage disease I;G6PC, G6PT, SLC37A4, G6PT1, SLC37A4, G6PT1
glycogen storage disease II;GAA
glycogen storage disease III;AGL, GDE
glycogen storage disease IV;GBE1, GSD4, APBD
glycogen storage disease IX;PHKB, PHKA2, PHK, XLG, PHK, PYKL, GSD9A, PHKG2, GSD9C
glycogen storage disease V;PYGM
glycogen storage disease VI;PYGL
glycogen storage disease VII;PFKM, GSD7
glycogen storage disease XV;GYG1, GSD15
growth hormone secreting pituitary adenoma;AIP, XAP2, ARA9, GNAS, GNAS1, GPSA, POH, PHP1B, PHP1A, AHO, PHP1C, SSTR5
guanidinoacetate methyltransferase deficiency;GAMT, CCDS2
gyrate atrophy;OAT, GACR
hamartoma of hypothalamus;GLI3, PAPA, PAPB
head and neck squamous cell carcinoma;ING1, PTEN, MMAC1, GLM2, CWS1, TNFRSF10B, DR5, TRAILR2
hemochromatosis;BMP2, BMP2A, BDA2, HFE, HLA-H, HFE1, MVCD7, TFQTL2, HJV, HFE2A, TFR2, HFE3, SLC40A1, SLC11A3, FPN1, IREG1, HFE4, HAMP, LEAP1, HEPC, HFE2B
hemolytic anemia;NT5C3A, NT5C3, UMPH1, PSN1, AK1
hemolytic-uremic syndrome;CFHR1, FHR1, HFL1, CFHL1, CFHR3, FHR3, HLF4, CFHL3, HF1, CFH, HUS, ARMD4, AHUS1, MCP, CD46, AHUS2, CFI, FI, AHUS3, ARMD13, CFB, BF, GBG, AHUS4, ARMD14, CFBD, C3, ARMD9, AHUS5, THBD, THRM, AHUS6, THPH12
hemophagocytic lymphohistiocytosis;STX11, FHL4, HPLH4, HLH4, PRF1, HPLH2, FLH2, UNC13D, MUNC13-4, HPLH3, HLH3, FHL3, STXBP2, UNC18B, FHL5
hemophilia B;F9, HEMB, THPH8
hemorrhagic thrombocythemia;CALR, SSA, SH2B3, LNK, THPO, MGDF, MPLLG, TPO, THCYT1, MPL, TPOR, MPLV, THCYT2, JAK2, THCYT3
hepatocellular carcinoma;APC, GS, FPC, BTPS2, AXIN1, AXIN, CASP8, MCH5, ALPS2B, CTNNB1, MRD19, IGF2R, MPRI, MET, PDGFRL, PDGRL, PRLTS, PIK3CA, CLOVE, MCAP, MCM, MCMTC, CWS5, TP53, P53, LFS1 , BCC7
hereditary angioedema;C1NH, HAE1, HAE2, SERPING1, F12, HAF, HAE3
hereditary breast ovarian cancer;BRCA1, PSCP, BROVCA1, PNCA4, BRCA2, FANCD1, BROVCA2, GLM3, PNCA2
hereditary coproporphyria;CPOX
hereditary elliptocytosis;SPTA1, EL2, SPH3, HS3, HPP, EPB41, EL1
hereditary hemorrhagic telangiectasia;ENG, END, HHT1, ORW, ACVRL1, ACVRLK1, ALK1, HHT2, GDF2, BMP9, HHT5
hereditary lymphedema;FLT4, VEGFR3, PCL, LMPH1A, GJC2, GJA12, CX47, PMLDAR, HLD2, SPG44, LMPH1C, VEGFC, VRP, LMPH1D
hereditary mucosal leukokeratosis;KRT4, CYK4, WSN1, KRT13, WSN2
hereditary multiple exostoses;EXT1, EXT2
hereditary night blindness;SAG, RP47, GRK1, RHOK, RK
hereditary sensory neuropathy;SPTLC1, LBC1, SPT1, HSN1, HSAN, WNK1, PRKWNK1, KDP, PHA2C, HSAN2, HSN2, NTRK1, TRKA, MTC, NGF, NGFB, HSAN5, FAM134B, HSAN2B, SPTLC2, KIAA0526, SPT2, LCB2, HSN1C, NSAN1C, ATL1, SPG3A, HSN1D, DNMT1, MCMT, HSN1E, ADCADN, KIF1A, ATSV, UNC104, SPG30, HSN2C, MRD9, DST, BPAG1, DMH, D6S1101, HSAN6, EBSB2, SCN11A, HSAN7, FEPS3, ATL3, HSN1F
hereditary spastic paraplegia;ATL1, SPG3A, HSN1D, SPAST, SPG4, BSCL2, SPG17, HMN5, PELD, ZFYVE26, KIAA0321, SPG15, CYP7B1, CBAS3, SPG5A, SPG20, PLP1, PMD, HLD1, SPG2, NIPA1, SPG6, KIAA0196, SPG8, RTSC, KIF5A, NKHC, SPG10, SPG11, KIAA1840, FLJ21439, RTN2, NSPL1, SPG12, HSPD1, SPG13, HSP60, HLD4, PGN, SPG7, CMAR, CAR, B4GALNT1, GALGT, GALNACT, SPG26, DDHD1, PAPLA1, KIAA1705, SPG28, ZFYVE27, SPG33, REEP1, C2ORF23, SPG31, HMN5B, KIF1A, ATSV, UNC104, SPG30, HSN2C, MRD9, ERLIN2, SPFH2, C8orf2, SPG18, PNPLA6, NTE, SPG39, NTEMND, BNHS, FA2H, FAAH, FAXDC1, FAH1, SCS7, SPG35, SLC33A1, ACATN, AT1, SPG42, CCHLND, AP4M1, SPG50, CPSQ3, NT5C2, NT5B, PNT5, SPG45, GJC2, GJA12, CX47, PMLDAR, HLD2, SPG44, LMPH1C, AP5Z1, KIAA0415, SPG48, AP4E1, SPG51, CPSQ4, AP4B1, SPG47, CPSQ5, AP4S1, CPSQ6, SPG52, GBA2, KIAA1605, SPG46, VPS37A, HCRP1, SPG53, CYP2U1, SPG56, TECPR2, KIAA0329, SPG49, DDHD2, KIAA0725, SPG54, C12orf65, COXPD7, SPG55, C19orf12, NBIA4, SPG43, REEP2, C5orf19, SPG72, TFG, HMSNP, SPG57
hereditary spherocytosis;ANK1, SPH2, SPTA1, EL2, SPH3, HS3, HPP, SLC4A1, AE1, EPB3, EPB42, SPH5
hidradenitis suppurativa;NCSTN, PSENEN, PEN2, PSEN1, AD3
holocarboxylase synthetase deficiency;HLCS, HCS
holoprosencephaly;SHH, HPE3, HLP3, SMMCI, MCOPCB5, TGIF, HPE4, SIX3, HPE2, ZIC2, HPE5, PTCH1, NBCCS, BCNS, HPE7, GLI2, HPE9, CJS, CDON, CDO, HPE11
homocystinuria;CBS, MTHFR
hydrocephalus;CCDC88C, HKRP2, DAPLE, KIAA1509, HYC, SCA40, L1CAM, CAML1, HSAS1, MASA, SPG1, MPDZ, MUPP1, HYC2
hydrolethalus syndrome;HYLS1, FLJ32915, KIF7, HLS2, ACLS, JBTS12
hyperaldosteronism;KCNJ5, GIRK4, KATP1, LQT13
hyperargininemia;ARG1
hyperinsulinemic hypoglycemia;ABCC8, SUR, PHHI, SUR1, HHF1, TNDM2, KCNJ11, BIR, PHHI, HHF2, TNDM3, GCK, HHF3, GLUD1, INSR, HHF5, HADHSC, SCHAD, HHF4, SLC16A1, MCT1, HHF7, MCT1D
hyperkalemic periodic paralysis;SCN4A, HYPP, NAC1A, HOKPP2
hyperlipoproteinemia type V;APOA5
hyperlysinemia;AASS
hypermethioninemia;AHCY, SAHH, ADK
hyperparathyroidism;HRPT2, C1orf28, HRPT2, C1orf28
hyperthyroidism;TSHR, CHNG1, TSHR, CHNG1
hypertrophic cardiomyopathy;TNNT2, CMH2, CMD1D, RCM3, LVNC6, TPM1, CMH3, CMD1Y , LVNC9, MYBPC3, CMH4, CMD1MM, LVNC10, CAV3, LGMD1C, LQT9, MYH7, CMH1, MPD1, CMD1S, SPMM, SPMD, MYLK2, MLCK, PRKAG2, WPWS, CMH6, MYL3, CMH8, MYL2, CMH10, ACTC1, CMD1R, CMH11, ASD5, LVNC4, CSRP3, CRP3, CLP, CMD1M, CMH12, TNNC1, CMD1Z, CMH13, MYH6, ASD3, MYHCA, CMD1EE, CMH14, SSS3, VCL, CMD1W, CMH15, TNNI3, CMH7, CMD2A, RCM1, CMD1FF, TTN, CMD1G, TMD, LGMD2J, MPRM, HMERF, EOMFC, MYOZ2, CMH16, JPH2, JP2, CMH17, PLN, PLB, CMD1P, CMH18, CALR3, CRT2, CMH19, NEXN, NELIN, CMD1CC, CMH20
hypochromic microcytic anemia;NRAMP2, STEAP3, TSAP6, AHMIO2
hypogonadism;GNRHR, LHRHR, HH7
hypohidrotic ectodermal dysplasia;EDAR, DL, ED3, EDA3, HRM1, ECTD10A, ECTD10B, EDAR, DL, ED3, EDA3, HRM1, ECTD10A, ECTD10B, IKBKG, NEMO, FIP3, IP2, IPD2, AMCBX1, IMD33, ED1, EDA, ECTD1, EDA, HED1, STHAGX1
hypokalemic periodic paralysis;CACNA1S, CACNL1A3, CCHL1A3, TTPP1, HOKPP1, SCN4A, HYPP, NAC1A, HOKPP2
hypoparathyroidism;GCMB, PTH
hypophosphatasia;ALPL, HOPS, TNSALP, ALPL, HOPS, TNSALP, ALPL, HOPS, TNSALP
hypopituitarism;LHX3, CPHD3, PROP1, CPHD2, LHX4, CPHD4, POU1F1, PIT1, CPHD1, OTX2, MCOPS5, CPHD6
hypoplastic left heart syndrome;GJA1, CX43, ODDD, SDTY3, ODOD, HSS, AVSD3, HLHS1, CMDR, NKX2-5, NKX2E, CSX, CHNG5, VSD3, HLHS2
hypospadias;AR, DHTR, TFM, SBMA, KD, SMAX1, HYSP1, MAMLD1, CXorf6, F18, HYSP2
hypotrichosis;CDSN, HTSS1, HYPT2, PSS1, HR, AU, MUHH1, HYPT4, LPAR6, P2RY5, P2Y5, LAH3, ARWH1, HYPT8, CDH3, CDHP, PCAD, HJMD, LIPH, LAH2, ARWH2, HYPT7, APCDD1, HHS, HYPT1, HTS, DSG4, LAH, HYPT6, KRT74, K6IRS4, KRT6IRS4, HTSS2, HYPT3, ADWH, SNRPE, HYPT11, RPL21, HYPT12
ichthyosis vulgaris;FLG, ATOD2
idiopathic generalized epilepsy;ME2, ODS1, CLCN2, EGMA, ECA2, EGI11, EJM8, LKPAT, CACNB4, EJM6, EA5, EIG9, GABRD, GEFSP5, EIG10, EJM7, SLC2A1, GLUT1, DYT18, PED, GLUT1DS, EIG12, DYT9
idiopathic pulmonary fibrosis;MUC5B, SFTPA1, SFTP1, SFTPA2, SPA2, COLEC5
immunoglobulin alpha deficiency;TNFRSF13B, TACI, CVID2
inclusion body myopathy with Paget disease of bone and frontotemporal dementia;VCP, IBMPFD1, ALS14
inclusion body myositis;GNE, GLCNE, IBM2, DMRV, NM, MYH2, GNE, GLCNE, IBM2, DMRV, NM
infantile cerebellar-retinal degeneration;ACO2, ICRD
infantile epileptic encephalopathy;PCDH19, KIAA1313, EFMR, EIEE9, ARHGEF9, PEM2, KIAA0424, EIEE8, CDKL5, STK9, ISSX, EIEE2, SCN1A, GEFSP2, SMEI, FEB3A, EIEE6, FHM3, SCN9A, NENA, PN1, FEB3B, GEFSP7, SFNP, HSAN2D, SLC25A22, GC1, EIEE3, STXBP1, UNC18, EIEE4, PNKP, PNK, MCSZ, EIEE10, MCSZ, SPTAN1, NEAS, EIEE5, KCNQ2, EBN1, EIEE7, BFNS1, SCN2A, SCN2A1, BFIC3, EIEE11, BFIS3, BFNIS, PLCB1, KIAA0581, PLCB1A, PLCB1B, EIEE12
infantile onset spinocerebellar ataxia;C10orf2, TWINKLE, PEO1, PEOA3, IOSCA, MTDPS7, PRLTS5
infantile refsum disease;PEX12, PBD3A
inflammatory bowel disease;IL6, IFNB2, BSF2, HSF, HGF, NOD2, CARD15, IBD1, CD, ACUG, PSORAS1, ABCB1, PGY1, MDR1, IBD13, CLCs, IRGM, LRG47, IFI1, IBD19, CRFB4, IBD25, IL10RA, IL10R, IBD28
intermediate spinal muscular atrophy;SMN1, SMA1, SMA2, SMA3, SMA4
intrahepatic cholestasis;ATP8B1, FIC1, BRIC, PFIC1, ICP1, ATP8B1, FIC1, BRIC, PFIC1, ICP1, ATP8B1, FIC1, BRIC, PFIC1, ICP1, ABCB11, BSEP, SPGP, PFIC2, BRIC2, ABCB4, PGY3, MDR3, ICP3, ABCB11, BSEP, SPGP, PFIC2, BRIC2, ABCB4, PGY3, MDR3, ICP3, TJP2, ZO2, PFIC4
iridogoniodysgenesis syndrome;PITX2, IDG2, RIEG1, RGS, IGDS2, FOXC1, FKHL7, FREAC3, IRID1, RIEG3
isovaleric acidemia;IVD
juvenile myelomonocytic leukemia;ARHGAP26, GRAF, NF1, VRNF, WSS, NFNS, PTPN11, PTP2C, SHP2, NS1
juvenile myoclonic epilepsy;EFHC1, FLJ10466, EJM1, JAE, EJA1, EFHC1, FLJ10466, EJM1, JAE, EJA1
juvenile polyposis syndrome;BMPR1A, ACVRLK3, ALK3, MADH4, DPC4, SMAD4, JIP, MYHRS
juvenile rheumatoid arthritis;IL6, IFNB2, BSF2, HSF, HGF, MIF
juvenile spinal muscular atrophy;SMN1, SMA1, SMA2, SMA3, SMA4, SMN2
keratoconus;VSX1, RINX, PPCD1, PPD, KTCN1, CAASDS
keratosis follicularis;ATP2A2, ATP2B, DAR
lactose intolerance;MCM6
leprosy;TLR2, TIL4
leukocyte adhesion deficiency;ITGB2, CD18, LCAMB, LAD, SLC35C1, FUCT1, CDG2C, KIND3, URP2, MIG2B, FERMT3
limb-girdle muscular dystrophy;MYOT, TTOD, MFM3, LMNA, LMN1, EMD2, FPLD2, CMD1A, HGPS, LGMD1B, CAPN3, CANP3, DYSF, LGMD2B, MMD1, SGCG, LGMD2C, DMDA1, SCG3, TRIM32, HT2A, LGMD2H, BBS11, SGCD, SGD, LGMD2F, CMD1L, TCAP, LGMD2G, CMD1N, DNAJB6, MRJ, DJ4, LGMD1E, SGCB, LGMD2E, FKRP, MDC1C, LGMD2I, MDDGA5, MDDGB5, MDDGC5, CAV3, LGMD1C, LQT9, SGCA, ADL, DAG2, LGMD2D, DMDA2, TNPO3, TRNSR, LGMD1F, TTN, CMD1G, TMD, LGMD2J, MPRM, HMERF, EOMFC, HNRNPDL, HNRPDL, JKTBP, LGMD1G, POMT1, MDDGA1, MDDGB1, MDDGC1, ANO5, TMEM16E, GDD1, LGMD2L, FKTN, FCMD, CMD1X, LGMD2M, MDDGA4, MDDGB4, MDDGC4, POMGNT1, MEB, MDDGA3, MDDGB3, MDDGC3, POMT2, MDDGA2, MDDGB2, MDDGC2, PLEC1, PLEC, PLTN, EBS1, LGMD2Q, DAG1, DAG, MDDGC9, DES, CMD1I, MFM1, SCPNK, ARVD7, ARVC7, LGMD2R, GMPPB, KIAA1851, MDDGA14, MDDGB14, MDDGC14, TRAPPC11, C4orf41, LGMD2S
lipoid proteinosis;ECM1, URBWD
lissencephaly;RELN, RL, LIS2, DCX, DBCN, LISX, ARX, ISSX, PRTS, MRXS1, MRX36, MRX54, MRX43, MRX87, MRX29, MRX32, PAFAH1B1, LIS1, TUBA1A, TUBA3, LIS3, NDE1, NUDE, LIS4, MHAC, LAMB1, LIS5
long QT syndrome;KCNJ2, HHIRK1, KIR2.1, IRK1, LQT7, SQT3, ATFB9, KCNQ1, KCNA9, LQT1, KVLQT1, ATFB3, SQT2, CACNA1C, CACNL1A1, CCHL1A1, TS, SCN5A, LQT3, VF1, HB1, SSS1, CMD1E, CDCD2, CAV3, LGMD1C, LQT9, SCN4B, LQT10, ATFB17, AKAP9, YOTIAO, AKAP450, SNT1, LQT12, KCNJ5, GIRK4, KATP1, LQT13, ALG10, KCR1, KCNH2, LQT2, HERG, SQT1, KCNE2, MIRP1, LQT6, ATFB4, KCNE1, JLNS, LQT5, JLNS2
lung cancer;BRAF, NS7, CASP8, MCH5, ALPS2B, CYP2A6, CYP2A3, CYP2A, P450C2A, DLEC1, DLC1, EGFR, NISBD2, ERBB2, NGL, NEU, HER2, ERCC6, CKN2, COFS1, CSB, ARMD5, UVSS1, FASLG, TNFSF6, APT1LG1, FASL, ALPS1B, IRF1, MAR, KRAS, KRAS2, RASK2, NS, CFC2, MAP3K8, COT, EST, TPL2, PIK3CA, CLOVE, MCAP, MCM, MCMTC, CWS5, PPP2R1B, PRKN, PARK2, PDJ, LPRS2, RASSF1, SLC22A1L, BWSCR1A, IMPT1
lung small cell carcinoma;RB1
lymphoplasmacytic lymphoma;MYD88, MYD88D
lymphoproliferative disease;XIAP, BIRC4, API3, XLP2, SH2D1A, LYP, IMD5, XLP, XLPD1, ITK, EMT, LPFS1
macrocephaly;TBC1D7, PIG51, TBC7, MGCPH
macular corneal dystrophy;CHST6, MCDC1
malignant glioma;ERBB2, NGL, NEU, HER2, IDH1, TP53, P53, LFS1 , BCC7
malignant hyperthermia;RYR1, MHS, CCO
malignant mesothelioma;BCL10, IMD37, WT1, NPHS4
maple syrup urine disease;DLD, LAD, PHE3, DLDD, BCKDHA, MSUD1, BCKDHB, E1B, DBT, BCATE2
mastocytosis;KIT, PBT
maturity-onset diabetes of the young;HNF4A, TCF14, MODY1, FRTS4, GCK, HHF3, HNF1B, TCF2, HNF2, MODY5, FJHN, HPC11, HNF1A, TCF1, MODY3, IDDM20, IPF1, MODY4, PAGEN1, NEUROD1, NIDDM, CEL, BSSL, CELL, MODY8, KLF11, TIEG2, FKLF1, FKLF, MODY7, PAX4, MODY9, KPD, INS, MODY10, IDDM2, BLK, MODY11
medulloblastoma;BRCA2, FANCD1, BROVCA2, GLM3, PNCA2, PTCH2, SUFU, SUFUXL, SUFUH
megaloblastic anemia;AMN, CUBN, IFCR, MGA1, DHFR
melanoma;PTEN, MMAC1, GLM2, CWS1
melorheostosis;LEMD3, MAN1
metachromatic leukodystrophy;PSAP, SAP1, ARSA
methylmalonic acidemia;MMAA, MMAB
methylmalonic aciduria and homocystinuria type cblC;MMACHC
methylmalonic aciduria and homocystinuria type cblD;C2orf25, MMADHC
methylmalonic aciduria and homocystinuria type cblF;LMBRD1, LMBD1, NESI, MAHCF
mevalonic aciduria;MVK, MVLK, POROK3
microcephaly;MCPH1, CASC5, AF15Q14, KIAA1570, D40, MCPH4, CDK5RAP2, KIAA1633, MCPH3, CENPJ, CPAP, MCPH6, SCKL4, ASPM, MCPH5, STIL, SIL, MCPH7
microcytic anemia;TMPRSS6, IRIDA
microphthalmia;SOX2, MCOPS3, BCOR, KIAA1575, MCOPS2, MAA2, ANOP2, HCCS, MCOPS7, STRA6, MCOPS9, MCOPCB8, BMP4, BMP2B1, BMP2B, MCOPS6, OFC11, MFRP, MCOP5, NNO2, CHX10, HOX10, MCOP2, MCOPCB3, OTX2, MCOPS5, CPHD6, RAX, RX, MCOP3, MFRP, MCOP5, NNO2, GDF6, MCOP4, KFS1, MCOPCB6, LCA17, GDF3, KFS3, MCOPCB6, MCOP7, TMEM98, NNO4
migraine;EDNRA, ESR1, ESR, ESTRR, TNF, TNFA
mitochondrial complex V (ATP synthase) deficiency, nuclear type 1;ATPAF2, ATP12, MC5DN1
monilethrix;KRT81, KRTHB1, HB1, KRT83, KRTHB3, HB3, KRT86, KRTHB6, HB6
mucolipidosis;MCOLN1, ML4
mucopolysaccharidosis;IDUA, IDA
mucopolysaccharidosis I;IDUA, IDA, IDUA, IDA, IDUA, IDA
mucopolysaccharidosis II;IDS, MPS2, SIDS
mucopolysaccharidosis III;SGSH, MPS3A, SFMD, NAGLU, MPS3B, HGSNAT, TMEM76, MPS3C, GNS, G6S
mucopolysaccharidosis IV;GALNS, MPS4A, GLB1, MPS4B
mucopolysaccharidosis IX;HYAL1, MPS9
mucopolysaccharidosis VI;ARSB, MPS6
mucosulfatidosis;SUMF1, FGE
mulibrey nanism;TRIM37, MUL, KIAA0898
multinodular goiter;DICER1, HERNA, KIAA0928, MNG1, RMSE2
multiple cutaneous and mucosal venous malformations;TEK, TIE2, VMCM
multiple epiphyseal dysplasia;COMP, EDM1, MED, PSACH, SLC26A2, DTD, DTDST, D5S1708, EDM4, COL9A2, EDM2, STL5, MATN3, EDM5, HOA, OS2, COL9A1, EDM6, STL4
multiple intestinal atresia;TTC7A, TTC7, KIAA1140, MINAT
multiple myeloma;CCND1, PRAD1, BCL1, LIG4, LIG4S
multiple sclerosis;HLA-DQB1, CELIAC1, HLA-DRB1, SS1, PDCD1, SLEB2
multiple synostoses syndrome;NOG, SYM1, SYNS1, GDF5, CDMP1, SYNS2, OS5, BDA1C, SYM1B, FGF9, SYNS3
multiple system atrophy;COQ2, COQ10D1, MSA1
muscular dystrophy-dystroglycanopathy;POMT2, MDDGA2, MDDGB2, MDDGC2, POMGNT1, MEB, MDDGA3, MDDGB3, MDDGC3, FKTN, FCMD, CMD1X, LGMD2M, MDDGA4, MDDGB4, MDDGC4, FKRP, MDC1C, LGMD2I, MDDGA5, MDDGB5, MDDGC5, LARGE, KIAA0609, MDC1D, MDDGA6, MDDGB6, POMT1, MDDGA1, MDDGB1, MDDGC1, POMT2, MDDGA2, MDDGB2, MDDGC2, DAG1, DAG, MDDGC9, ISPD, MDDGA7, MDDGC7, POMGNT2, GTDC2, C3orf39, AGO61, MDDGA8, TMEM5, MDDGA10, B3GALNT2, MGC39558, MDDGA11, POMK, SGK196, MDDGA12, MDDGC12, B3GNT1, IGNT, IGAT, MDDGA13, GMPPB, KIAA1851, MDDGA14, MDDGB14, MDDGC14, GMPPB, KIAA1851, MDDGA14, MDDGB14, MDDGC14
myelofibrosis;CALR, SSA, JAK2, THCYT3, MPL, TPOR, MPLV, THCYT2, SH2B3, LNK
myopia;SCO2, CEMCOX1, MYP6, ZNF644, MYP21, CCDC111, MYP22, SLC39A5, MYP24
myotonic dystrophy type 1;DMPK, DM, DMK
myotonic dystrophy type 2;ZNF9, CNBP1, DM2, PROMM
myxoid liposarcoma;DDIT3, GADD153, CHOP10
nail-patella syndrome;LMX1B, NPS1
narcolepsy;HCRT, OX, NRCLP1, MOG, NRCLP7
nasopharynx carcinoma;MYO3A, DFNB30
nemaline myopathy;ACTA1, ASMA, NEM3, CFTD1, NEB, NEM2, TNNT1, ANM, NEM5, KBTBD13, NEM6, TPM3, NEM1, CFTD, CAPM1, TPM2, TMSB, AMCD1, DA1, DA2B, NEM4, CFL2, NEM7, KLHL41, KBTBD10, SARCOSIN, NEM9
nephroblastoma;BRCA2, FANCD1, BROVCA2, GLM3, PNCA2, GPC3, SDYS, SGBS1, WT1, NPHS4
nephrogenic diabetes insipidus;AQP2, AVPR2, DIR, DI1, ADHR
nephronophthisis;NPHP1, NPH1, SLSN1, JBTS4, INVS, INV, NPHP2, NPH2, NPHP3, NPH3, RHPD1, MKS7, NPHP4, SLSN4, GLIS2, NPHP7, XPNPEP3, APP3, NPHPL1, TMEM67, MKS3, JBTS6, NPHP11, TTC21B, THM1, NPHP12, SRTD4, ATD4, NEK8, JCK, NPHP9, RHPD2, WDR19, SRTD5, ATD5, NPHP13, CED4, ZNF423, ZFP423, OAZ, KIAA0760, NPHP14, JBTS19, CEP164, KIAA1052, ANKS6, PKDR1, NPHP16, CEP83, CCDC41, NPHP18
nephrotic syndrome;NPHS1, NPHN, WT1, NPHS4, PDCN, NPHS2, SRN1, PLCE1, KIAA1516, NPHS3, PTPRO, GLEPP1, NPHS6, LAMB2, LAMS, NPHS5, DGKE, NPHS7, ARHGDIA, GDIA1, NPHS8, ADCK4, NPHS9, EMP2, NPHS10
neurilemmomatosis;NF2, SMARCB1, SNF5, INI1, RDT, RTPS1, MRD15, SWNTS1, LZTR1, SWNTS2
neuroblastoma;KIF1B, CMT2A, CMT2A1, NBLST1, NME1, NM23, PMX2B, NBPHOX, PHOX2B, NBLST2
neurofibromatosis;NF2, NF1, VRNF, WSS, NFNS, NF1, VRNF, WSS, NFNS
neurohypophyseal diabetes insipidus;AVP, AVRP, VP
neuronal ceroid lipofuscinosis;DNAJC5, DNAJC5A, CSP, CLN4B, CLN3, BTS, CLN6, CLN4A, TPP1, CLN2, SCAR7, PPT1, CLN1, CLN5, CLN8, EPMR, CLN6, CLN4A, CLN8, EPMR, CTSD, CPSD, CLN10, MFSD8, MGC33302, CLN7, CCMD, GRN, CLN11, CTSF, CLN13
neutral lipid storage disease;ABHD5, CGI58, IECN2, NCIE2
nevoid basal cell carcinoma syndrome;PTCH1, NBCCS, BCNS, HPE7, PTCH2, SUFU, SUFUXL, SUFUH
non-Hodgkin lymphoma;CASP10, MCH4, ALPS2, PRF1, HPLH2, FLH2, RAD54B, RAD54L, HR54, HRAD54
non-syndromic X-linked intellectual disability;IL1RAPL1, IL1R8, MRX21, MRX34, TSPAN7, TM4SF2, MXS1, A15, MRX58, RAB39B, MRX72, WSMN, ACSL4, FACL4, ACS4, MRX63, ARHGEF6, MRX46, COOL2, ZNF81, MRX45, PAK3, MRX30, MRX47, ZDHHC15, MRX91, BRWD3, MRX93, SYP, MRXSYP, ZNF711, ZNF6, CMPX1, MRX97, RPS6KA3, RSK2, MRX19, GDI1, RABGD1A, MRX41, MRX48, DLG3, NEDLG, SAP102, MRX90, KIAA2022, MRX98, USP9X, DFFRX, MRX99, KIF4A, KIF4, MRX100, IQSEC2, KIAA0522, MRX1, FTSJ1, JM23, SPB1, MRX44, MRX9
non-syndromic intellectual disability;TRAPPC9, NIBP, KIAA1882, MRT13, MAN1B1, MRT15
nonepidermolytic palmoplantar keratoderma;KRT1, EPPK, NEPPK, EHK, KRT16, FNEPPK, PC1, KRT6C, PPKNEFD
nonpapillary renal cell carcinoma;DIRC2, RCC4, FLCN, BHD, HNF1A, TCF1, MODY3, IDDM20, HNF1B, TCF2, HNF2, MODY5, FJHN, HPC11, OGG1, RNF139, TRC8, RCA1, VHL
nonphotosensitive trichothiodystrophy;MPLKIP, C7orf11, ABHS, TTDN1
obesity;ADRB2, ADRB3, AGRP, ART, AGRT, CART, ENPP1, PDNP1, NPPS, M6S1, PCA1, ARHR2, COLED, GHRL, MC4R, NR0B2, SHP, POMC, PPARG, PPARG1, PPARG2, CIMT1, GLM1, PPARGC1B, PGC1B, PERC, PYY, SDC3, SYND3, SDCN, SIM1, UCP1, UCP3
occult macular dystrophy;RP1L1
ocular albinism;GPR143, OA1, NYS6
oculocerebrorenal syndrome;OCRL, LOCR, OCRL1, NPHL2
oculocutaneous albinism;TYR, SHEP3, CMM8, OCA1A, ATN, MC1R, SHEP2, CMM5, OCA2, P, PED, D15S12, BOCA, EYCL3, HCL3, SHEP1, TYRP1, CAS2, GP75, SHEP11, SLC45A2, MATP, AIM1, SHEP5, OCA4, TYR, SHEP3, CMM8, OCA1A, ATN, ABCC6, ARA, ABC34, MLP1, PXE, GACI2
oculodentodigital dysplasia;GJA1, CX43, ODDD, SDTY3, ODOD, HSS, AVSD3, HLHS1, CMDR, GJA1, CX43, ODDD, SDTY3, ODOD, HSS, AVSD3, HLHS1, CMDR
oculopharyngeal muscular dystrophy;PABPN1, PABP2, PAB2
olivopontocerebellar atrophy;ATXN1, ATX1, SCA1, ATXN7, SCA7, OPCA3, ATXN2, ATX2, SCA2, ASL13
omodysplasia;GPC6, OMIMD1
open-angle glaucoma;MYOC, TIGR, GLC1A, JOAG, GPOA, WDR36, TAWDRP, GLC1G, NTF4 , NTF5, NT5, NT4, GLC1O
optic atrophy;OPA3, MGA3, OPA1, NTG, NPG
ornithine carbamoyltransferase deficiency;OTC
ornithine translocase deficiency;SLC25A15, ORNT1, HHH
orofacial cleft;BMP4, BMP2B1, BMP2B, MCOPS6, OFC11, IRF6, VWS, LPS, PIT, PPS1, OFC6, MSX1, HOX7, HYD1, OFC5, STHAG1, ECTD3, SUMO1, UBL1, SMT3, OFC10
orofaciodigital syndrome;OFD1, CXorf5, SGBS2, JBTS10, RP23
orotic aciduria;UMPS, OPRT
osteoarthritis;MATN3, EDM5, HOA, OS2, FRZB, FRZB1, SRFP3, OS1, ASPN, PLAP1, OS3
osteochondritis dissecans;ACAN, AGC1, CSPG1, MSK16, SEDK
osteogenesis imperfecta;COL1A1, COL1A1, COL1A2, COL1A1, COL1A2, COL1A1, COL1A2, PPIB, CYPB, OI9, CRTAP, CASP, OI7, P3H1, LEPRE1, GROS1, OI8, IFITM5, OI5, FKBP10, FKBP65, OI11, BRKS1, SERPINH1, SERPINH2, PPROM, CBP2, CBP1, OI10, SP7, OSX, OI12, SERPINF1, PEDF, OI6, BMP1, OI13, WNT1, INT1, OI15, BMND16
osteopetrosis;CLCN7, CLC7, OPTA2, OPTB4, TCIRG1, TIRC7, OC116, OPTB1, TNFSF11, OPGL, TRANCE, OPTB2, OSTM1, GL, OPTB5, CA2, LRP5, BMND1, LRP7, LR3, OPPG, VBCH2, OPTA1, EVR4, CLCN7, CLC7, OPTA2, OPTB4, PLEKHM1, AP162, KIAA0356, OPTB6, TNFRSF11A, RANK, ODFR, OFE, OPTB7, SNX10, OPTB8
osteoporosis;BMND7, BMND8, CALCR, CRT, COL1A1, COL1A2, LRP5, BMND1, LRP7, LR3, OPPG, VBCH2, OPTA1, EVR4, RIL, VDR
osteosarcoma;CHEK2, RAD53, CHK2, CDS1, LFS2, RB1, TP53, P53, LFS1 , BCC7
otospondylomegaepiphyseal dysplasia;COL11A2, STL3, DFNA13, DFNB53, FBCG2, COL2A1
ovarian cancer;AKT1, CWS6, CDH1, UVO, LCAM, ECAD, CTNNB1, MRD19, OPCML, PIK3CA, CLOVE, MCAP, MCM, MCMTC, CWS5, PRKN, PARK2, PDJ, LPRS2
ovarian hyperstimulation syndrome;FSHR, ODG1
pachyonychia congenita;KRT16, FNEPPK, PC1, KRT17, PC2, PCHC1
pancreatic agenesis;IPF1, MODY4, PAGEN1
pancreatic cancer;BRCA2, FANCD1, BROVCA2, GLM3, PNCA2
pancreatic carcinoma;KRAS, KRAS2, RASK2, NS, CFC2, MADH4, DPC4, SMAD4, JIP, MYHRS, STK11, PJS, LKB1, TP53, P53, LFS1 , BCC7
panic disorder;COMT
pantothenate kinase-associated neurodegeneration;PANK2, NBIA1, PKAN, HARP
papillary renal cell carcinoma;MET, PRCC, RCCP1
papillary thyroid carcinoma;CCDC6, D10S170, H4, TST1, PTC, TPC, GOLGA5, RFG5, PTC5, NCOA4, ELE1, PTC3, PCM1, PTC4, PRKAR1A, TSE1, CNC1, CAR, PPNAD1, ACRDYS1, TRIM24, TIF1, TIF1A, PTC6, TRIM33, TIF1G, RFG7, PTC7
paraganglioma;SDHD, PGL1, CWS3, SDHAF2, SDH5, PGL2, SDHC, PGL3, SDHA, SDH1, SDHF, CMD1GG, PGL5
parathyroid carcinoma;HRPT2, C1orf28
parietal foramina;MSX2, CRS2, HOX8, ALX4, PFM2, FPP, FND2, CRS5
paroxysmal nocturnal hemoglobinuria;PIGA, PNH1, MCAHS2, PIGT, NDAP, PNH2, MCAHS3
partial central choroid dystrophy;PRPH2, DS, RP7, PRPH, AVMD, AOFMD, CACD2, MDBS1
peeling skin syndrome;CDSN, HTSS1, HYPT2, PSS1
peripheral primitive neuroectodermal tumor;EWSR1, EWS
periventricular nodular heterotopia;FLNA, FLN1, NHBP, OPD1, OPD2, FMD, MNS, CVD1, CSBS, FLNA, FLN1, NHBP, OPD1, OPD2, FMD, MNS, CVD1, CSBS, ARFGEF2, BIG2, PVNH2, ERMARD, C6orf70, PVNH6
peroxisomal acyl-CoA oxidase deficiency;ACOX1, ACOX, SCOX
persistent fetal circulation syndrome;FOXF1, FKHL5, ACDMPV
persistent hyperplastic primary vitreous;ATOH7, PHPVAR, NCRNA
persistent mullerian duct syndrome;AMH, MIF, AMHR2, AMHR
phaeochromocytoma;GDNF, HSCR3, KIF1B, CMT2A, CMT2A1, NBLST1, MAX, RET, MEN2A, HSCR1, SDHB, SDH2, SDHIP, PGL4, CWS2, SDHD, PGL1, CWS3, TMEM127, VHL
phenylketonuria;PAH, PKU1
photosensitive trichothiodystrophy;ERCC2, EM9, XPD, COFS2, ERCC3, XPB, GTF2H5, TTDA, TFB5, C6orf175
piebaldism;KIT, PBT, SNAI2, SLUG, WS2D
pilomatrixoma;CTNNB1, MRD19, MUTYH, MYH
pityriasis rubra pilaris;CARD14, CARMA2, BIMP2, PSORS2, PSS1, PRP
pleomorphic adenoma;PLAG1, SGPA, PSA
pleuropulmonary blastoma;DICER1, HERNA, KIAA0928, MNG1, RMSE2
polycystic kidney disease;PKD1, PKD1, FCYT, PKHD1, ARPKD, PKD2
polycystic liver disease;PRKCSH, G19P1, PCLD, SEC63, PRKCSH, G19P1, PCLD, SEC63
polycythemia vera;JAK2, THCYT3
polydactyly;GLI3, PAPA, PAPB, LMBR1, ACHP, C7orf2, PPD2, THYP, LSS, GLI3, PAPA, PAPB
pontocerebellar hypoplasia type 10;CLP1, HEAB, PCH10
pontocerebellar hypoplasia type 1A;VRK1, PCH1A
pontocerebellar hypoplasia type 1B;EXOSC3, RRP40, PCH1B
pontocerebellar hypoplasia type 2A;TSEN54, SEN54, PCH2A, PCH4, PCH5
pontocerebellar hypoplasia type 2B;TSEN2, SEN2, PCH2B
pontocerebellar hypoplasia type 2C;TSEN34, PCH2C, LENG5, SEN34
pontocerebellar hypoplasia type 2D;SEPSECS, SLA, LP, PCH2D
pontocerebellar hypoplasia type 2E;VPS53, HCCS1, PCH2E
pontocerebellar hypoplasia type 4;TSEN54, SEN54, PCH2A, PCH4, PCH5
pontocerebellar hypoplasia type 5;TSEN54, SEN54, PCH2A, PCH4, PCH5
pontocerebellar hypoplasia type 6;RARS2, RARSL, PCH6
pontocerebellar hypoplasia type 8;CHMP1A, PCOLN3, PRSM1, PCH8
pontocerebellar hypoplasia type 9;AMPD2, SPG63, PCH9
popliteal pterygium syndrome;IRF6, VWS, LPS, PIT, PPS1, OFC6, RIPK4, NKRD3, DIK, PPS2
porencephaly;COL4A1, POREN1, HANAC, ICH, BSVD, COL4A2, POREN2, ICH
porphyria cutanea tarda;HFE, HLA-H, HFE1, MVCD7, TFQTL2, UROD
port-wine stain;GNAQ, SWS, CMC1
posterior polar cataract;EPHA2, ECK, ARCC2, CTPP1, CTPA, ARCC2, CTRCT6, CHMP4B, SNF7, CTPP3, CTRCT31, PITX3, CTPP4, CTRCT11, CRYAB, CRYA2, CTPP2, CMD1II, CTRCT16, MFM2
pre-eclampsia;EPHX1, NOS3, STOX1, PEE4, FGFR2, BEK, CFD1, JWS, TK14, BBDS
premature ovarian failure;BMP15, GDF9B, ODG2, POF4, DIAPH2, DIA, POF2, FLJ22792, POF1B, POF2B, FMR1, FRAXA, POF1, FOXL2, BPES, BPES1, PFRK, POF3, NOBOX, POF5, FIGLA, POF6, NR5A1, FTZF1, FTZ1, SF1, AD4BP, POF7, SRXY3, SPGF8, STAG3, POF8, HFM1, MER3, POF9
primary ciliary dyskinesia;DNAI1, CILD1, ICS, PCD, DNAAF3, PF22, DAB1, CILD2, DNAH5, HL1, PCD, CILD3, HYDIN, HYDIN1, CILD5, NME8, TXNDC3, SPTRX2, CILD6, DNAH11, DNAHC11, CILD7, DNAHBL, DNAI2, CILD9, KTU, C14orf104, CILD10, RSPH4A, CILD11, RSPH9, CILD12, LRRC50, ODA7, CILD13, CCDC39, CCDC40, KIAA1640, DNAL1, C14orf168, CILD16, CCDC103, SMH, PR46B, CILD17, HEATR2, CILD18, LRRC6, LRTP, CILD19, CCDC114, CILD20, DRC1, CCDC164, C2orf39, CILD21, ZMYND10, BLU, ARMC4, CILD23, RSPH1, TSGA2, TSA2, CILD24, DYX1C1, DYXC1, DYX1, CILD25, C21ORF59, CILD26, CCDC65, CILD27, SPAG1, CILD28, CCNO, UNG2, CILD29
primary congenital glaucoma;LTBP2, LTBP3, GLC3D, MSPKA, WMS3
primary cutaneous amyloidosis;OSMR, OSMRB, PLCA1, IL31RA, GLMR, GPL, PLCA2
primary hyperoxaluria;GRHPR, GLXR, HOGA1, DHDPSL, HP3
primary hypertrophic osteoarthropathy;HPGD, PGDH1, PHOAR1
primary open angle glaucoma;OPTN, GLC1E, FIP2, HYPL, NRP, ALS12
primary pigmented nodular adrenocortical disease;PDE11A, PDE11A1, PDE11A2, PDE11A3, PPNAD2, PRKAR1A, TSE1, CNC1, CAR, PPNAD1, ACRDYS1, PDE8B, PPNAD3, ADSD, PRKACA
primary pulmonary hypertension;BMPR2, PPH1, POVD1, MADH9, SMAD9, MADH6, PPH2, CAV1, BSCL3, CGL3, PPH3, LCCNS
progeria;LMNA, LMN1, EMD2, FPLD2, CMD1A, HGPS, LGMD1B
progressive myoclonus epilepsy;SCARB2, CD36L2, LIMPII, AMRF, EPM4, KCTD7, EPM3, CLN14, PRICKLE1, RILP, EPM1B, PRICKLE2, EPM5, GOSR2, GS27, EPM6
progressive supranuclear palsy;MAPT, MTBT1, DDPAC, MSTD
prolactinoma;AIP, XAP2, ARA9
propionic acidemia;PCCA, PCCB
prostate cancer;AR, DHTR, TFM, SBMA, KD, SMAX1, HYSP1, BRCA2, FANCD1, BROVCA2, GLM3, PNCA2, CD82, SAR2, KAI1, ST6, CDH1, UVO, LCAM, ECAD, CHEK2, RAD53, CHK2, CDS1, LFS2, HIP1, HPC3, HPC4, HPC5, HPC6, HPCQTL19, KLF6, COPEB, BCD1, ZF9, MAD1L1, TXBP181, MSR1, SCARA1, SRA, MXI1, PCAP, PTEN, MMAC1, GLM2, CWS1, ZFHX3, ATBF1, RNASEL, RNS4, PRCA1, HPC1
prothrombin deficiency;F2, THPH1, RPRGL2
proximal symphalangism;NOG, SYM1, SYNS1
pseudo-TORCH syndrome;OCLN, BLCPMG
pseudoachondroplasia;COMP, EDM1, MED, PSACH
pseudohypoparathyroidism;GNAS, GNAS1, GPSA, POH, PHP1B, PHP1A, AHO, PHP1C, GNASAS1, GNASAS, SANG, NESPAS, STX16, SYN16, GNAS, GNAS1, GPSA, POH, PHP1B, PHP1A, AHO, PHP1C
pseudopseudohypoparathyroidism;GNAS, GNAS1, GPSA, POH, PHP1B, PHP1A, AHO, PHP1C
pseudoxanthoma elasticum;ABCC6, ARA, ABC34, MLP1, PXE, GACI2, ABCC6, ARA, ABC34, MLP1, PXE, GACI2, XYLT1, XT1, DBQD2, XYLT2, XT2
psoriasis;HLA-C, PSORS1
pulmonary alveolar microlithiasis;SLC34A2
pulmonary alveolar proteinosis;SFTPB, SFTB3, SMDP1, CSF2RA, SMDP4, SFTPC, SFTP2, SMDP2, ABCA3, ABC3, SMDP3, CSF2RB, SMDP5
pulmonary venoocclusive disease;BMPR2, PPH1, POVD1
purine nucleoside phosphorylase deficiency;PNP, NP
pyridoxine-refractory autosomal recessive sideroblastic anemia;GLRX5, C14orf87, PRO1238, FLB4739, PRSA, SLC25A38
pyruvate carboxylase deficiency disease;PC
pyruvate decarboxylase deficiency;DLAT, PDCE2, PDX1, PDHA1, PHE1A, PDHAD, PDP1, PPM2C, PDP1, PDPC, PDHB, PDHBD
rapadilino syndrome;RECQL4, RTS, RECQ4
red-green color blindness;OPN1MW, GCP, CBD, CBBM
renal agenesis;ITGA8, RHDA1, PAX2, PAPRS, FSGS7, RET, MEN2A, HSCR1
renal cell carcinoma;TFE3, RCCX1
renal glycosuria;SLC5A2, SGLT2
renal tubular acidosis;ATP6V0A4, ATP6N1B, VPP2, RTA1C, RTADR
renal-hepatic-pancreatic dysplasia;NPHP3, NPH3, RHPD1, MKS7, NEK8, JCK, NPHP9, RHPD2
restrictive cardiomyopathy;TNNI3, CMH7, CMD2A, RCM1, CMD1FF, TNNT2, CMH2, CMD1D, RCM3, LVNC6
reticular dysgenesis;AK2
reticulate acropigmentation of Kitamura;ADAM10, MADM, RAK, AD18
retinal drusen;HF1, CFH, HUS, ARMD4, AHUS1
retinitis pigmentosa;CRX, CORD2, CRD, LCA7, RP1, ORP1, RP9, PAP1, IMPDH1, RP10, LCA11, RPGR, RP3, CRD, RP15, COD1, CORDX1, OFD1, CXorf5, SGBS2, JBTS10, RP23, RP2, PRPF8, PRPC8, RP13, CRB1, RP12, LCA8, TULP1, RP14, LCA15, PRPF31, PRP31, RP11, CA4, RP17, HPRP3, RP18, ABCA4, ABCR, STGD1, FFM, RP19, CORD3, ARMD2, EYS, RP25, FAM161A, RP28, FSCN2, RFSN, RP30, PRPH2, DS, RP7, PRPH, AVMD, AOFMD, CACD2, MDBS1, ROM1, ROSP1, RP7, CERKL, RP26, TOPORS, P53BP3, LUN, RP31, SEMA4A, SEMB, RP35, CORD10, SNRNP200, ASCC3L1, KIAA0788, RP33, PRCD, RP36, NR2E3, PNR, ESCS, RP37, PROM1, PROML1, AC133, RP41, CORD12, CD133, MCDR2, STGD4, IDH3B, RP46, RDH12, LCA13, KLHL7, RP42, BEST1, VMD2, ARB, RP50, C2orf71, TTC8, BBS8, RP51, ARL6, BBS3, RP55, IMPG2, IPM200, RP56, VMD5, PDE6G, PDEG, RP57, ZNF513, RP58, RHO, RP4, OPN2, CSNBAD1, NRL, D14S46E, RP27, CNGA1, CNCG1, RP49, SAG, RP47, CNGB1, CNCG3L, CNCG2, RP45, RGR, RP44, RPE65, RP20, LCA2, PDE6B, PDEB, RP40, CSNBAD2, PDE6A, PDEA, RP43, GUCA1B, GCAP2, GUCA2, RP48, DHDDS, HDS, RP59, MERTK, RP38, PRPF6, PRP6, ANT1, TOM, C20orf14, CLRN1, USH3A, USH3, RP61, MAK, RP62, RBP3, RP66, ARL2BP, BART, NEK2, RP67, SLC7A14, KIAA1613, RP68, KIZ, KIZUNA, C20orf19, RP69, PRPF4, PRP4, HPRP4, RP70
retinoblastoma;RB1
rheumatoid arthritis;CD244, NAIL, NKR2B4, SLAMF4, HLA-DRB1, SS1, IL10, CSIF, GVHDS, MHC2TA, C2TA, NFKBIL1, PADI4, PADI5, PAD, PTPN22, PEP, PTPN8, LYP, SLC22A4, OCTN1
rhizomelic chondrodysplasia punctata;PEX7, RCDP1, PBD9B, GNPAT, DHAPAT, AGPS, ADHAPS
rickets;CYP27B1, VDD1, PDDR, VDR, CYP2R1
rippling muscle disease;CAV3, LGMD1C, LQT9
sarcoidosis;HLA-DRB1, SS1, NOD2, CARD15, IBD1, CD, ACUG, PSORAS1
scapuloperoneal myopathy;MYH7, CMH1, MPD1, CMD1S, SPMM, SPMD, FHL1, SLIM1, XMPMA, KYOT, FHL1A, FHL1B
schizophrenia;AKT1, CWS6, APOL2, APOL4, CHI3L1, GP39, YKL40, ASRT7, COMT, DAO, DAMOX, DAOA, G72, DISC1, SCZD9, DISC2, DRD3, ETM1, FET1, DTNBP1, HPS7, HTR2A, MTHFR, RTN4R, NOGOR, SCZD11, SCZD12, SCZD1, SCZD2, SCZD3, SCZD5, SCZD6, SCZD7, SCZD8, SYN2, PRODH, PRODH2, SCZD4, SHANK3, PSAP2, PROSAP2, KIAA1650, DEL22q13.3, SCZD15
schneckenbecken dysplasia;SLC35D1, UGTREL7, KIAA0260
sclerosteosis;SOST, VBCH, CDD, SOST1, LRP4, MEGF7, CLSS, SOST2
sea-blue histiocyte syndrome;APOE, AD2, LPG, LDLCQ5
seborrheic keratosis;PIK3CA, CLOVE, MCAP, MCM, MCMTC, CWS5
seminoma;BCL10, IMD37, FGFR3, ACH, KIT, PBT, STK11, PJS, LKB1
sensorineural hearing loss;POU3F4, DFN3, DFNX2
severe congenital neutropenia;ELANE, ELA2, SCN1, WAS, IMD2, THC1, SCNX, HAX1, SCN3, G6PC3, UGRP, SCN4, GFI1, ZNF163, SCN2, VPS45A, VPS45, SCN5
short QT syndrome;KCNH2, LQT2, HERG, SQT1, KCNQ1, KCNA9, LQT1, KVLQT1, ATFB3, SQT2, KCNJ2, HHIRK1, KIR2.1, IRK1, LQT7, SQT3, ATFB9
sialuria;GNE, GLCNE, IBM2, DMRV, NM, SLC17A5, SIASD, SLD
sick sinus syndrome;HCN4, SSS2, SCN5A, LQT3, VF1, HB1, SSS1, CMD1E, CDCD2
sickle cell anemia;HBB
situs inversus;NODAL, HTX5
skin melanoma;PTEN, MMAC1, GLM2, CWS1, CDK4, CMM3, MITF, WS2A, CMM8
soldiers heart;SLC6A2, NAT1, NET1
spastic quadriplegia;GAD1, SCP, CPSQ1, KANK1, KANK, ANKRD15, KIAA0172, CPSQ2
specific language impairment;TM4SF20, SLI5
spinocerebellar ataxia;BEAN, SCA31, ATXN1, ATX1, SCA1, CACNA1A, CACNL1A4, SCA6, ATXN10, SCA10, PPP2R2B, TTBK2, SCA11, KCNC3, SCA13, PRKCG, PKCC, PKCG, SCA14, SETX, SCAR1, AOA2, ALS4, ITPR1, SCA15, SCA16, SCA29, ZNF592, KIAA0211, SCAR5, CAMOS, TBP, SCA17, HDL4, TDP1, ATXN8, ATXN8OS, SCA8, KLHL1AS, FGF14, FHF4, SCA27, PDYN, SCA23, AFG3L2, SCA28, SPAX5, SYNE1, KIAA0796, KIAA1756, KIAA1262, SCAR8, EDMD4, ADCK3, COQ8, CABC1, SCAR9, ARCA2, COQ10D4
spinocerebellar ataxia type 5;SPTBN2, SCA5, SCAR14
spondyloarthropathy;HLA-B, SPDA1
spondylocostal dysostosis;TBX6, SCDO5, DLL3, SCDO1, MESP2, SCDO2, LFNG, SCDO3, HES7, SCDO4
spondyloepimetaphyseal dysplasia, Missouri type;MMP13, CLG3, MANDP1
spondyloepimetaphyseal dysplasia, Pakistani type;PAPSS2, ATPSK2, BCYM4
spondyloepimetaphyseal dysplasia, Strudwick type;COL2A1
spondyloepiphyseal dysplasia congenita;COL2A1
spondyloepiphyseal dysplasia with congenital joint dislocations;CHST3, C6ST, C6ST1, HSD
stomach cancer;CDH1, UVO, LCAM, ECAD, IL1B, IL1RN, MVCD4, DIRA, KRAS, KRAS2, RASK2, NS, CFC2, APC, GS, FPC, BTPS2, CASP10, MCH4, ALPS2, ERBB2, NGL, NEU, HER2, FGFR2, BEK, CFD1, JWS, TK14, BBDS, IRF1, MAR, KLF6, COPEB, BCD1, ZF9, MUTYH, MYH, PIK3CA, CLOVE, MCAP, MCM, MCMTC, CWS5
striatonigral degeneration;NUP62, SNDI, IBSN, PDE8B, PPNAD3, ADSD
sudden infant death syndrome;SCN5A, LQT3, VF1, HB1, SSS1, CMD1E, CDCD2
supravalvular aortic stenosis;ELN
syndactyly;CUP2q35, C2DUPq35, SDTY1, SD1, GJA1, CX43, ODDD, SDTY3, ODOD, HSS, AVSD3, HLHS1, CMDR, LMBR1, ACHP, C7orf2, PPD2, THYP, LSS, HOXD13, HOX4I, SPD, BDSD
syndromic X-linked intellectual disability;MECP2, RTT, PPMX, MRX16, MRX79, AUTSX3, MRXSL, MRXS13, MRX79, MRX16, HSD17B10, HADH2, ERAB, MRXS10, UPF3B, RENT3B, MRXS14, CLIC2, XAP121, MRXS32, AP1S2, MRX59, MRXSF, MRXS21, MRXS5, PGS
syndromic intellectual disability;OPHN1, MRX60, UBE2A, RAD6A, MRXSN, MRXS30, SMS, SRS, MRSR
synovial sarcoma;SSX1, SSRC, SSX2
synpolydactyly;HOXD13, HOX4I, SPD, BDSD, FBLN1
systemic lupus erythematosus;BANK1, FLJ20706, BANK, C4A, C4S, C4AD, CTLA4, IDDM12, CELIAC3, ALPS5, DNASE1, DNL1, FCGR2B, CD32, PTPN22, PEP, PTPN8, LYP, TREX1, AGS1, CRV, HERNS, ITGAM, CR3A, CD11B, MAC1A, SLEB6, DNASE1L3, SLEB16
systemic primary carnitine deficiency disease;SLC22A5, OCTN2, CDSP, SCD
tarsal-carpal coalition syndrome;NOG, SYM1, SYNS1
temtamy preaxial brachydactyly syndrome;CHSY1, KIAA0990, TPBS
testicular cancer;BCL10, IMD37, FGFR3, ACH, KIT, PBT, STK11, PJS, LKB1
testicular germ cell cancer;BCL10, IMD37, FGFR3, ACH, KIT, PBT, STK11, PJS, LKB1
tetralogy of Fallot;GATA4, ASD2, VSD1, TACHD, TOF, GATA6, AVSD5, ASD9, AVSD5, PACHD, GDF1, DTGA3, DORV, RAI, JAG1, AGS, AHD, NKX2-5, NKX2E, CSX, CHNG5, VSD3, HLHS2, TBX1, DGS, CTHM, CAFS, TGA, DORV, VCFS, DGCR, ZFPM2, FOG2, DIH3, SRXY9
thalassemia;HBA1, HBH, HBA2, HBH
thanatophoric dysplasia;FGFR3, ACH, FGFR3, ACH
thiourea tasting;TAS2R38, T2R61, PTC
thoracic aortic aneurysm;MYH11, AAT4, FAA4, ACTA2, ACTSA, AAT6, MYMY5, MYLK, MLCK, AAT7, PRKG1, PRKG1B, PRKGR1B, AAT8
thrombocytopenia;ANKRD26, KIAA1074, THC2, MASTL, FLJ14813, GWL, THC2, GATA1, GF1, ERYF1, NFE1, XLTDA, XLTT, XLANP, WAS, IMD2, THC1, SCNX, CYCS, CYC, THC4
thrombocytopenia-absent radius syndrome;RBM8A, RBM8B, TAR, C1DELq21.1, DEL1q21.1
thrombophilia;F13A1, F13A, F2, THPH1, RPRGL2, HABP2, PHBP, HGFAL, FSAP, MTHFR
thyroid hormone resistance syndrome;THRB, ERBA2, THR1, PRTH, THRB, ERBA2, THR1, PRTH
tooth agenesis;MSX1, HOX7, HYD1, OFC5, STHAG1, ECTD3, WNT10A, SSPS, STHAG4, OODD, ED1, EDA, ECTD1, EDA, HED1, STHAGX1, PAX9, STHAG3, LTBP3, LTBP2, STHAG6
tooth and nail syndrome;MSX1, HOX7, HYD1, OFC5, STHAG1, ECTD3
transcobalamin II deficiency;TCN2, TC2
transthyretin amyloidosis;TTR, PALB
trichorhinophalangeal syndrome type I;TRPS1
trichotillomania;SLITRK1, KIAA1910, TTM
trilateral retinoblastoma;RB1
triosephosphate isomerase deficiency;TPI1, TPID
triple-A syndrome;AAAS, AAA
tuberous sclerosis;TSC1, LAM, IFNG, IFG, IFI, TSC2, LAM
type 1 diabetes mellitus;INS, MODY10, IDDM2, FOXP3, IPEX, AIID, XPID, PIDX, HNF1A, TCF1, MODY3, IDDM20, ITPR3, OAS1, OIAS, PTPN22, PEP, PTPN8, LYP, IL2RA, IL2R, IDDM10, HNF1A, TCF1, MODY3, IDDM20
type 2 diabetes mellitus;ABCC8, SUR, PHHI, SUR1, HHF1, TNDM2, AKT2, HIHGHH, CDKAL1, ENPP1, PDNP1, NPPS, M6S1, PCA1, ARHR2, COLED, GCGR, GCK, HHF3, GPD2, HMGA1, HMGIY, HNF1A, TCF1, MODY3, IDDM20, HNF1B, TCF2, HNF2, MODY5, FJHN, HPC11, HNF4A, TCF14, MODY1, FRTS4, IGF2BP2, IMP2, IL6, IFNB2, BSF2, HSF, HGF, IPF1, MODY4, PAGEN1, IRS1, IRS2, KCNJ11, BIR, PHHI, HHF2, TNDM3, LIPC, HL, LIPH, HDLCQ12, MAPK8IP1, IB1, MTNR1B, NEUROD1, NIDDM, NIDDM3, NIDDM4, PAX4, MODY9, KPD, PPARG, PPARG1, PPARG2, CIMT1, GLM1, PTPN1, PTP1B, RETN, RSTN, FIZZ3, SLC30A8, ZNT8, TCF7L2, TCF4, WFS1, WFRS, WFS, DFNA6, DFNA14, DFNA38, WFSL, CTRCT41
type I Ehlers-Danlos syndrome;COL1A1, COL5A1, COL5A2
type I complement component 8 deficiency;C8A
type II complement component 8 deficiency;C8B
type III Ehlers-Danlos syndrome;COL3A1, TNXB, TNX, TNXB1, TNXBS, TNXB2, EDS3, VUR8
type VI Ehlers-Danlos syndrome;PLOD1, LH1, LLH, EDS6, ZNF469, KIAA1858, BCS1
tyrosinemia type I;FAH
tyrosinemia type II;TAT
tyrosinemia type III;HPD
ulcerative colitis;IL6, IFNB2, BSF2, HSF, HGF, NOD2, CARD15, IBD1, CD, ACUG, PSORAS1
urinary bladder cancer;FGFR3, ACH, HRAS, KRAS, KRAS2, RASK2, NS, CFC2, RB1, TACC3
urofacial syndrome;HPSE2, HPA2, UFS1, LRIG2, LIG2, KIAA0806, UFS2
urticaria pigmentosa;KIT, PBT
uterine fibroid;HMGA2, HMGIC, BABL
variegate porphyria;HFE, HLA-H, HFE1, MVCD7, TFQTL2, PPOX
velocardiofacial syndrome;TBX1, DGS, CTHM, CAFS, TGA, DORV, VCFS, DGCR
ventricular septal defect;GATA4, ASD2, VSD1, TACHD, TOF, CITED2, MRG1, P35SRJ, VSD2, ASD8, NKX2-5, NKX2E, CSX, CHNG5, VSD3, HLHS2
vesicoureteral reflux;ROBO2, SAX3, KIAA1568, SOX17, VUR3, HTR1A, ADRB2RL1, PFMCD, TNXB, TNX, TNXB1, TNXBS, TNXB2, EDS3, VUR8
visceral heterotaxy;ZIC3, HTX1, HTX, VACTERLX, CFC1, CRYPTIC, HTX2, DTGA2, ACVR2B, ACTRIIB, HTX4, CCDC11, HTX6
vitelliform macular dystrophy;BEST1, VMD2, ARB, RP50, PRPH2, DS, RP7, PRPH, AVMD, AOFMD, CACD2, MDBS1
von Hippel-Lindau disease;CCND1, PRAD1, BCL1, VHL
von Willebrand's disease;VWF, F8VWF, VWF, F8VWF, VWF, F8VWF
xanthinuria;XDH
xeroderma pigmentosum;XPA, XPAC, XPC, XPCC, ERCC2, EM9, XPD, COFS2, DDB2, POLH, XPV, ERCC4, XPF, FANCQ, ERCC5, XPG, COFS3, ERCC3, XPB
